게시글번호,말머리,제목,내용,글쓴이,추천수,조회수,날짜,링크
2590,,교복 진짜,노짱 정장 닮았노,"ㅇㅇ(182.227) 2026.02.26 21:05:01
스크랩 조회 635 추천 20 댓글 1",20,635,2026.02.26 21:05:01,https://gall.dcinside.com/mgallery/board/view/?id=cheongbbak&no=2590&page=2
2586,,개학개좆같네진짜,"3학년들은 좀 풀어줘라 개좆같네진짜 7교시는 누가 정한거냐
장난치는것도아니고진짜 졸업하면 두번다신 안 온다","청갤러(112.165) 2026.02.03 03:17:04
스크랩 조회 533 추천 1 댓글 3",1,533,2026.02.03 03:17:04,https://gall.dcinside.com/mgallery/board/view/?id=cheongbbak&no=2586&page=2
2585,,신입생인데요,청석고 나무위키 이거 찐임?,"청갤러(39.125) 2026.01.26 00:29:45
스크랩 조회 606 추천 0 댓글 2",0,606,2026.01.26 00:29:45,https://gall.dcinside.com/mgallery/board/view/?id=cheongbbak&no=2585&page=2
2584,,2학년이 되는 일부 장애우들에게,"2학년 됐다고 짬 차서 본인의 장애 등급이 하향되었다
생각하지 말길 바라는 바임.
- dc official App","청갤러(211.169) 2026.01.19 16:00:16
스크랩 조회 797 추천 17 댓글 6",17,797,2026.01.19 16:00:16,https://gall.dcinside.com/mgallery/board/view/?id=cheongbbak&no=2584&page=2
2583,,청석고 ㅆㅅㅌㅊ,"지리네요

- dc official App","게에보옥취이 2026.01.19 11:04:26
스크랩 조회 403 추천 0 댓글 0",0,403,2026.01.19 11:04:26,https://gall.dcinside.com/mgallery/board/view/?id=cheongbbak&no=2583&page=2
2582,,내일 예비소집하러 가는 예비 고1 인데요,혹시 내일 시험 보나요?,"ㅇㅇ(1.246) 2026.01.18 22:46:35
스크랩 조회 402 추천 0 댓글 1",0,402,2026.01.18 22:46:35,https://gall.dcinside.com/mgallery/board/view/?id=cheongbbak&no=2582&page=2
2581,,청석 4지망 걸렸는데,"여기 병신학교에요?
- dc official App","청갤러(118.235) 2026.01.17 15:42:36
스크랩 조회 609 추천 12 댓글 2",12,609,2026.01.17 15:42:36,https://gall.dcinside.com/mgallery/board/view/?id=cheongbbak&no=2581&page=2
2580,,신입생인데,"조회해서 학번 나오는거 임신가요 확정인가요?
예비소집때 시험봐서 정해지는건가요","청갤러(39.125) 2026.01.16 18:12:42
스크랩 조회 374 추천 1 댓글 3",1,374,2026.01.16 18:12:42,https://gall.dcinside.com/mgallery/board/view/?id=cheongbbak&no=2580&page=2
2579,,2026 신입생인데,아니 씨발 교복이 개구립니다 선배님들,"게에보옥취이 2026.01.16 15:35:45
스크랩 조회 376 추천 0 댓글 2",0,376,2026.01.16 15:35:45,https://gall.dcinside.com/mgallery/board/view/?id=cheongbbak&no=2579&page=2
2578,,롤 청주명문청석<<이새끼 조심해라,개벌레년임 ㄹㅇ,"청갤러(118.46) 2026.01.15 02:48:28
스크랩 조회 581 추천 9 댓글 2",9,581,2026.01.15 02:48:28,https://gall.dcinside.com/mgallery/board/view/?id=cheongbbak&no=2578&page=2
2577,,반배정,반배정 언제 나옴?,"청갤러(218.53) 2026.01.10 01:39:09
스크랩 조회 394 추천 0 댓글 1",0,394,2026.01.10 01:39:09,https://gall.dcinside.com/mgallery/board/view/?id=cheongbbak&no=2577&page=2
2576,,엔진11 파란색 자전거 타고 다니는 사람없냐,학교에 차고 다니는 애 없음?ㅔ,"청갤러(211.235) 2026.01.02 22:15:50
스크랩 조회 277 추천 0 댓글 1",0,277,2026.01.02 22:15:50,https://gall.dcinside.com/mgallery/board/view/?id=cheongbbak&no=2576&page=2
2575,,"1,2학년들아 잘들어라",잘 듣기만하라고 병신들아ㅋㅋ,"청붕이(123.142) 2025.12.31 11:37:26
스크랩 조회 430 추천 2 댓글 0",2,430,2025.12.31 11:37:26,https://gall.dcinside.com/mgallery/board/view/?id=cheongbbak&no=2575&page=2
2574,,원봉중 졸업선밴데 ㅎㅎ,"니네 아직도 내신으로 서열 따지냐...
ㅈ같겠네.
뭐 나름 사정이 있겠지
형님 33세야.
나때는 내신 높은 애들끼리 친목질 하던데...
학군도 그러려나","청갤러(1.227) 2025.12.30 05:27:47
스크랩 조회 493 추천 0 댓글 2",0,493,2025.12.30 05:27:47,https://gall.dcinside.com/mgallery/board/view/?id=cheongbbak&no=2574&page=2
2573,,메리 크리스마스,~~,"ㅇㅇ(118.235) 2025.12.26 07:26:29
스크랩 조회 209 추천 0 댓글 0",0,209,2025.12.26 07:26:29,https://gall.dcinside.com/mgallery/board/view/?id=cheongbbak&no=2573&page=2
2572,,돼지년 도시락이 맛이 있던지 없던지 다처먹을거면서 왜지랄하노,돼지년 이름 맞추면 도시락 내꺼 줌,"청갤러(104.28) 2025.12.23 13:33:35
스크랩 조회 413 추천 1 댓글 0",1,413,2025.12.23 13:33:35,https://gall.dcinside.com/mgallery/board/view/?id=cheongbbak&no=2572&page=2
2570,,2025년 4년제 대기업 취업률,,"창갤러(223.39) 2025.12.18 21:13:01
스크랩 조회 341 추천 1 댓글 0",1,341,2025.12.18 21:13:01,https://gall.dcinside.com/mgallery/board/view/?id=cheongbbak&no=2570&page=2
2556,,나루토vs원피스,"나루토 안고르는 ㅂㅅ들 1학년 2반 김민결한테와라
프롬프트
.
네거티브
프롬프트
샘플링 DPM++ 2M","청갤러(123.142) 2025.12.16 13:00:27
스크랩 조회 311 추천 1 댓글 2",1,311,2025.12.16 13:00:27,https://gall.dcinside.com/mgallery/board/view/?id=cheongbbak&no=2556&page=2
2555,,오늘 점심시간에 게이밍헤드셋 쳐 끼고온사람 누구냐,몇학년인진 모르겠지만 또걸리면 선배고 자시고 맞짱이다 ㅇㅇ,"청갤러(118.128) 2025.12.15 18:58:36
스크랩 조회 586 추천 2 댓글 4",2,586,2025.12.15 18:58:36,https://gall.dcinside.com/mgallery/board/view/?id=cheongbbak&no=2555&page=2
2554,,여기 약 10년전에 졸업생인데,학교 ㅈ망함??,"ㅇㅇㅇ 2025.12.13 01:30:30
스크랩 조회 454 추천 3 댓글 1",3,454,2025.12.13 01:30:30,https://gall.dcinside.com/mgallery/board/view/?id=cheongbbak&no=2554&page=2
2553,,중3인데 청석고 1지망,"1지망 썼는데
그냥 금천고 쓸걸 그랬나요?","청갤러(121.155) 2025.12.11 23:48:22
스크랩 조회 507 추천 0 댓글 5",0,507,2025.12.11 23:48:22,https://gall.dcinside.com/mgallery/board/view/?id=cheongbbak&no=2553&page=2
2552,,청석고 1지망 쓴 중3인데,청석고 분위기 좋은 편인가요?,"청갤러(1.246) 2025.12.08 21:56:11
스크랩 조회 543 추천 0 댓글 3",0,543,2025.12.08 21:56:11,https://gall.dcinside.com/mgallery/board/view/?id=cheongbbak&no=2552&page=2
2551,,2일뒤 시험..,시험볼때 1학년 2반에서 시험보는년들 7일동안 묵혀놓은 내 지독하고 구린 독가스를 살포할예정이다 시험보다가 ㅈ같은냄새나면 무조건 나니까 기대해라 흐흐..,"청갤러(218.50) 2025.12.08 02:11:01
스크랩 조회 412 추천 1 댓글 1",1,412,2025.12.08 02:11:01,https://gall.dcinside.com/mgallery/board/view/?id=cheongbbak&no=2551&page=2
2550,,실시간 급식실 보스뜬거 봤냐,"교감쌤 학생이랑 유도하고있던데
이거 쓰러트려야 밥먹을수있냐?","ㄱㄱ(123.142) 2025.12.04 18:31:38
스크랩 조회 627 추천 4 댓글 2",4,627,2025.12.04 18:31:38,https://gall.dcinside.com/mgallery/board/view/?id=cheongbbak&no=2550&page=2
2549,,잉탈부리는련,"응0에에에에에엥ㅇ

씨발련

프롬프트
girl who razed
네거티브
프롬프트
샘플링 DPM++ 2M","청갤러(123.142) 2025.12.03 11:27:39
스크랩 조회 412 추천 0 댓글 0",0,412,2025.12.03 11:27:39,https://gall.dcinside.com/mgallery/board/view/?id=cheongbbak&no=2549&page=2
2546,,1학년 2반 라민호 뭐냐,이거 왜있냐?,"ㄱㄱ(123.142) 2025.11.27 16:23:51
스크랩 조회 785 추천 1 댓글 5",1,785,2025.11.27 16:23:51,https://gall.dcinside.com/mgallery/board/view/?id=cheongbbak&no=2546&page=2
2545,,주딱 없냐??,주딱 달린다,"도덛 2025.11.25 09:46:04
스크랩 조회 442 추천 0 댓글 3",0,442,2025.11.25 09:46:04,https://gall.dcinside.com/mgallery/board/view/?id=cheongbbak&no=2545&page=2
2543,,교장 외양묘사,새로오신 교장 농업 살릴려다가 개란 먹으신분 똑같이 생김,"청갤러(104.28) 2025.11.21 19:18:52
스크랩 조회 451 추천 0 댓글 0",0,451,2025.11.21 19:18:52,https://gall.dcinside.com/mgallery/board/view/?id=cheongbbak&no=2543&page=2
2541,,학교와이파이로 디시 왜막혔냐?,"울갤해야되는데
- dc official App","ㅇㅇ(118.235) 2025.11.21 08:34:04
스크랩 조회 514 추천 0 댓글 4",0,514,2025.11.21 08:34:04,https://gall.dcinside.com/mgallery/board/view/?id=cheongbbak&no=2541&page=2
2540,,병신학교,"칰백호 음~
- dc official App","ㅇㅇ(104.28) 2025.11.20 10:26:34
스크랩 조회 666 추천 0 댓글 0",0,666,2025.11.20 10:26:34,https://gall.dcinside.com/mgallery/board/view/?id=cheongbbak&no=2540&page=2
2539,,공강싶년,공강시간에 자지도 않고 졸기만 했는데 벌점 주는 개장애시발련 줘패고 싶으면 개추,"청갤러(104.28) 2025.11.20 09:57:25
스크랩 조회 584 추천 2 댓글 4",2,584,2025.11.20 09:57:25,https://gall.dcinside.com/mgallery/board/view/?id=cheongbbak&no=2539&page=2
2537,,청소시간에 좆같은 노래좀 안틀면 안돼냐,다른건 그렇다쳐도 씨1발 서이브는 못들어주겠는데.,"청갤러(123.142) 2025.11.18 16:13:40
스크랩 조회 900 추천 15 댓글 4",15,900,2025.11.18 16:13:40,https://gall.dcinside.com/mgallery/board/view/?id=cheongbbak&no=2537&page=2
2536,,청석고,한남 집합소 반갑긔 일신여고 1짱 언니긔 일신여고에 급떨어지는 한남냄새나는 글이나 적는 청석고따위랑은 다르게 우리 일신여고는 최고 명문고긔,"일갤러(218.50) 2025.11.18 00:24:36
스크랩 조회 558 추천 1 댓글 4",1,558,2025.11.18 00:24:36,https://gall.dcinside.com/mgallery/board/view/?id=cheongbbak&no=2536&page=2
2535,,대청석,수능끝났는데 등교하고 교복 물려주기 해야지 사복 허용하는 개ㅈ반고,"청갤러(211.36) 2025.11.17 16:57:55
스크랩 조회 386 추천 0 댓글 1",0,386,2025.11.17 16:57:55,https://gall.dcinside.com/mgallery/board/view/?id=cheongbbak&no=2535&page=2
2530,,아니 수능 끝난 고3 교복을 잡노??,진짜 모르겠네,"청갤러(211.235) 2025.11.14 19:14:30
스크랩 조회 573 추천 0 댓글 2",0,573,2025.11.14 19:14:30,https://gall.dcinside.com/mgallery/board/view/?id=cheongbbak&no=2530&page=2
2529,,청석고가 우하향 테크트리를 타고 있는 사유,"ㅈ병신같아서 ㅋㅋ 변화하지 않고 과거의 영광을 되찾으려고만 해서
그냥 폐교하자 답이 없다 여기는","00(39.7) 2025.11.14 02:52:12
스크랩 조회 779 추천 9 댓글 3",9,779,2025.11.14 02:52:12,https://gall.dcinside.com/mgallery/board/view/?id=cheongbbak&no=2529&page=2
2528,,재수하자,- dc official App,"ㅇㅇ(118.235) 2025.11.14 01:17:38
스크랩 조회 352 추천 0 댓글 2",0,352,2025.11.14 01:17:38,https://gall.dcinside.com/mgallery/board/view/?id=cheongbbak&no=2528&page=2
2527,,좋은말할때 사복풀어라,우리 피곤하게 이러지말자,"청붕이(1.246) 2025.11.13 22:03:22
스크랩 조회 567 추천 14 댓글 1",14,567,2025.11.13 22:03:22,https://gall.dcinside.com/mgallery/board/view/?id=cheongbbak&no=2527&page=2
2526,,민심체크,,"청갤러(223.39) 2025.11.11 00:33:09
스크랩 조회 439 추천 0 댓글 1",0,439,2025.11.11 00:33:09,https://gall.dcinside.com/mgallery/board/view/?id=cheongbbak&no=2526&page=2
2525,,실시간 민심파악.jpg,"영춘이햄 <<< 전혀 안그리우면 개추 ㅋㅋ
역대 GOAT교장쌤 입갤","청붕이(123.142) 2025.11.10 13:03:21
스크랩 조회 828 추천 13 댓글 1",13,828,2025.11.10 13:03:21,https://gall.dcinside.com/mgallery/board/view/?id=cheongbbak&no=2525&page=2
2523,,수능이 얼마 남지 않은 3학년 게이들에게 한마디,꼭 재수하길 바란다 좆병신들아 ㅎ,"ㅇㅇ(39.7) 2025.11.08 17:33:46
스크랩 조회 446 추천 3 댓글 2",3,446,2025.11.08 17:33:46,https://gall.dcinside.com/mgallery/board/view/?id=cheongbbak&no=2523&page=2
2522,,수능 5일 남은 청붕이들을 위한 공부법,- dc official App,"ㅇㅇ(104.28) 2025.11.07 00:42:16
스크랩 조회 393 추천 1 댓글 1",1,393,2025.11.07 00:42:16,https://gall.dcinside.com/mgallery/board/view/?id=cheongbbak&no=2522&page=2
2520,,청석고 1.0,"1학년 두명이라는게 진짜냐?
이건 뭔 개장애인같은 학년이냐 ㅋㅋ
하자 ㅈㄴ많네","청갤러(123.142) 2025.11.06 11:20:07
스크랩 조회 586 추천 4 댓글 7",4,586,2025.11.06 11:20:07,https://gall.dcinside.com/mgallery/board/view/?id=cheongbbak&no=2520&page=2
2519,,국어 시험문제 유출.jpg,- dc official App,"도덛 2025.11.05 19:01:18
스크랩 조회 628 추천 0 댓글 2",0,628,2025.11.05 19:01:18,https://gall.dcinside.com/mgallery/board/view/?id=cheongbbak&no=2519&page=2
2518,,누가 더 유명함 킴 카다시안 호날두,- dc official App,"디바(211.235) 2025.11.04 14:21:31
스크랩 조회 285 추천 0 댓글 3",0,285,2025.11.04 14:21:31,https://gall.dcinside.com/mgallery/board/view/?id=cheongbbak&no=2518&page=2
2517,,어눌하게 걷는 아디다스 점퍼 입는 땅딸보형 3학년인가요?,"?
- dc official App","ㅇㅇ(118.235) 2025.11.04 01:56:28
스크랩 조회 513 추천 2 댓글 5",2,513,2025.11.04 01:56:28,https://gall.dcinside.com/mgallery/board/view/?id=cheongbbak&no=2517&page=2
2516,,1학년 영어 수행 진짜,"1학년 영어 수행평가 진짜 미쳤구나
24년 모의고사 지문외워서 단어 배열? 그럴수 있다 친다.
그래도 반 9개 시험지가 다 달라야 하는거 아니냐?
그거 시험지 만드는거 귀찮다고 반 9개가 다 같은 시험지로 보면
처음으로 보는 반은 뭐 어쩌라는겨 걍 망하라고 그따구로 하는거냐??
느그들 인생에 걸린거냐? 우리 인생에 걸린건데 
우리 대학 조금더 잘 보낼생각 없는거냐? 
영어 1등급들은 멘탈 탈탈 털리고
수행 늦게 본 반 애들은 앞반애들이 다 알려줘서 개꿀빨고
이게형평성 맞냐?
아 그리고 같은날에 보는것도 아니라 다른날에 보는게 맞다 생각하냐?
사회마냥 다 수업시간 든 날짜로 하던가 해야지 이 반은 월욜에 보고 딴 반은 화욜에 보고
이따구면서 시험지도 똑같고 이게 뭐냐 진짜
씹 평균이 9점 11점이 말이 되냐? 
영어 단어 몰라서 질문 하면 네이버에서 검색하고 보여주는게 맞는거냐고","청갤러(104.28) 2025.11.03 23:56:05
스크랩 조회 802 추천 12 댓글 10",12,802,2025.11.03 23:56:05,https://gall.dcinside.com/mgallery/board/view/?id=cheongbbak&no=2516&page=2
2515,,근데 요즘,"요즘 왤캐 빡세졌냐
교감쌤 바뀌고 달라진 느낌이네ㅇㅇ
- dc official App","도덛 2025.11.03 14:09:08
스크랩 조회 343 추천 1 댓글 1",1,343,2025.11.03 14:09:08,https://gall.dcinside.com/mgallery/board/view/?id=cheongbbak&no=2515&page=2
2514,,청석고 평균,- dc official App,"ㅇㅇ(123.142) 2025.11.03 13:25:48
스크랩 조회 535 추천 1 댓글 1",1,535,2025.11.03 13:25:48,https://gall.dcinside.com/mgallery/board/view/?id=cheongbbak&no=2514&page=2
2513,,모?,.,"혹시(118.235) 2025.10.31 19:57:31
스크랩 조회 345 추천 0 댓글 2",0,345,2025.10.31 19:57:31,https://gall.dcinside.com/mgallery/board/view/?id=cheongbbak&no=2513&page=2
2512,,나 박현호인데 무시하지마라,나 박현호인데 말 잘한다,"박현호(211.235) 2025.10.31 18:12:55
스크랩 조회 353 추천 0 댓글 3",0,353,2025.10.31 18:12:55,https://gall.dcinside.com/mgallery/board/view/?id=cheongbbak&no=2512&page=3
2511,,1학년 현호 너무 갈구지 마라,원래 그런에다 좀 그럴수도 있지..,"청갤러(221.168) 2025.10.31 11:13:17
스크랩 조회 338 추천 0 댓글 2",0,338,2025.10.31 11:13:17,https://gall.dcinside.com/mgallery/board/view/?id=cheongbbak&no=2511&page=3
2510,,잃어버린 제 포켓몬을 찾습니다,"포켓몬은 잉어킹이고 지금 청석고에서 활동하고있다는 소문이 있습니다
찾아주세요 ㅜㅜ","포켓몬 마스터(61.108) 2025.10.30 12:11:05
스크랩 조회 269 추천 1 댓글 1",1,269,2025.10.30 12:11:05,https://gall.dcinside.com/mgallery/board/view/?id=cheongbbak&no=2510&page=3
2509,,1학년,나 ㅎㅅㅈ인데 ㅎㅇㅈ 진짜 개패고싶다,"청갤러(61.108) 2025.10.30 12:11:02
스크랩 조회 260 추천 0 댓글 1",0,260,2025.10.30 12:11:02,https://gall.dcinside.com/mgallery/board/view/?id=cheongbbak&no=2509&page=3
2508,,어 나 1학년인데 고민이다,"내가 입술이 ㅈㄴ크다 최근에 입술집어넣기 스킬을 마스터했다 
그런대 내가 너무 잘생겨서 문제다","입술큰남자(61.108) 2025.10.30 11:35:47
스크랩 조회 355 추천 1 댓글 4",1,355,2025.10.30 11:35:47,https://gall.dcinside.com/mgallery/board/view/?id=cheongbbak&no=2508&page=3
2507,,자지보지섹스,섹스보지자지보지섹스자지보지섹스,"청갤러(104.28) 2025.10.30 10:35:36
스크랩 조회 483 추천 0 댓글 3",0,483,2025.10.30 10:35:36,https://gall.dcinside.com/mgallery/board/view/?id=cheongbbak&no=2507&page=3
2506,,8교시 강당,8교시 강당에서 기다리고있는데 어떤 개장애 씹장애 븅신장애인이 말도 장애인같이 어눌하게하고 소리도 ㅈㄴ지르던데 애미터짐?,"ㅇㅇ(106.101) 2025.10.28 18:24:17
스크랩 조회 461 추천 4 댓글 2",4,461,2025.10.28 18:24:17,https://gall.dcinside.com/mgallery/board/view/?id=cheongbbak&no=2506&page=3
2505,,교감선생님께서 말하신 5 23 공부법 설명한다 ㅇㅇ,"교감쌤 왈,

수학 5등급 맞고
잘하는거 2등급 맞고
자신있는거 3등급 맞으면 인생이 바뀌신다고 함 ㅇㅇ
반박시 청석고 교감 무시하는걸로 안다 ㅇㅇ","청교감(123.142) 2025.10.27 11:34:58
스크랩 조회 463 추천 0 댓글 1",0,463,2025.10.27 11:34:58,https://gall.dcinside.com/mgallery/board/view/?id=cheongbbak&no=2505&page=3
2504,,로리콘 충북산업과학고로 전학가다???,https://youtu.be/O-FG-nWPsTE,"청갤러(61.108) 2025.10.27 11:14:03
스크랩 조회 255 추천 1 댓글 0",1,255,2025.10.27 11:14:03,https://gall.dcinside.com/mgallery/board/view/?id=cheongbbak&no=2504&page=3
2503,,여기 졸업생이다 ㅇㅇ,수능좆박아라 ㅋㅋ,"진환(140.174) 2025.10.26 23:19:51
스크랩 조회 230 추천 0 댓글 0",0,230,2025.10.26 23:19:51,https://gall.dcinside.com/mgallery/board/view/?id=cheongbbak&no=2503&page=3
2502,,여기학교에 게이있나요,- dc official App,"ㅇㅇ(61.85) 2025.10.26 01:53:55
스크랩 조회 368 추천 0 댓글 2",0,368,2025.10.26 01:53:55,https://gall.dcinside.com/mgallery/board/view/?id=cheongbbak&no=2502&page=3
2500,,야동,ㅗ,"ㅇㅇ(39.7) 2025.10.24 09:37:28
스크랩 조회 303 추천 2 댓글 0",2,303,2025.10.24 09:37:28,https://gall.dcinside.com/mgallery/board/view/?id=cheongbbak&no=2500&page=3
2498,,청석고 애들 ㅈㄴ 멍청한 이유,아직도 탈출 안하고 뭐하노,"ㄱㄱ(123.142) 2025.10.21 15:03:12
스크랩 조회 806 추천 8 댓글 1",8,806,2025.10.21 15:03:12,https://gall.dcinside.com/mgallery/board/view/?id=cheongbbak&no=2498&page=3
2497,,"솔직히 2, 3학년분들 참 안타깝다","n수생의 늪에서 못 빠져나옴 ㅜㅜ

2022개정 첫수능 야미~","기계 유(123.142) 2025.10.21 14:59:42
스크랩 조회 520 추천 2 댓글 3",2,520,2025.10.21 14:59:42,https://gall.dcinside.com/mgallery/board/view/?id=cheongbbak&no=2497&page=3
2496,,솔직히 내신 3등급이면 나가뒤져야함,"아니 1등급은 몰라도 2등급은 상식적으로 맞을수있지않음?
비율이 너무 후한데 속하지않으면 나가 죽어야함

참고로 2022개정 얘기하는거니까
2015개정인 3등급 3뚝따리 열폭러들은 댓글 잘써라
참고로 2022개정 34% 안에도 못드는 애들도 열폭생겨 댓글이나 싸질러라

참고로 본인은 내신 1등급 3개에 2등급 3개다 ㅇㅇ","청천재(123.142) 2025.10.21 14:55:28
스크랩 조회 499 추천 3 댓글 7",3,499,2025.10.21 14:55:28,https://gall.dcinside.com/mgallery/board/view/?id=cheongbbak&no=2496&page=3
2495,,점심시간,느금마,"청갤러(61.108) 2025.10.21 14:33:49
스크랩 조회 286 추천 0 댓글 2",0,286,2025.10.21 14:33:49,https://gall.dcinside.com/mgallery/board/view/?id=cheongbbak&no=2495&page=3
2494,,음 나 1학년 오철록인데,"2,3학년들 너네 왜캐 못생겼냐 동물원 원숭이들인줄알았다 꼬우면 1학년 10반 오철록 찾아봐라 개새들아","오철록(61.108) 2025.10.21 14:27:29
스크랩 조회 415 추천 3 댓글 2",3,415,2025.10.21 14:27:29,https://gall.dcinside.com/mgallery/board/view/?id=cheongbbak&no=2494&page=3
2492,,1학년들,왤케 못생긴애들이 많냐? 유전자 ㅈ박음?,"청빡이(218.50) 2025.10.20 01:48:41
스크랩 조회 624 추천 15 댓글 8",15,624,2025.10.20 01:48:41,https://gall.dcinside.com/mgallery/board/view/?id=cheongbbak&no=2492&page=3
2491,,2학년중에 일본문화 선택한새끼들 조심해라,"일문쌤중에 수업시간에 윤석열 욕하면서
전라도 찬양하는 민주당 선생님있는데
이새끼 수업 지옥이니깐 안만닌길 빌어라ㅇㅇ","청갤러(223.39) 2025.10.17 21:39:54
스크랩 조회 479 추천 3 댓글 2",3,479,2025.10.17 21:39:54,https://gall.dcinside.com/mgallery/board/view/?id=cheongbbak&no=2491&page=3
2490,,오늘 역대급 븅딱 한새끼 때문에 좆나 힘들었으면 개추,,"ㅇㅇ(39.7) 2025.10.17 20:55:47
스크랩 조회 486 추천 4 댓글 1",4,486,2025.10.17 20:55:47,https://gall.dcinside.com/mgallery/board/view/?id=cheongbbak&no=2490&page=3
2489,,타잔새끼,밥먹을때마다 2학년어떤새까들이 농구하다 처 늦게오고 새채기하는데 그중에 얼굴 못생긴 타잔새끼 ㅈㄴ 패고싶음 농구도 ㅈㄴ 못할거같은데 저번에 욕 처 먹고도 기어코 새채기하네,"청갤러(116.120) 2025.10.17 18:04:52
스크랩 조회 603 추천 7 댓글 8",7,603,2025.10.17 18:04:52,https://gall.dcinside.com/mgallery/board/view/?id=cheongbbak&no=2489&page=3
2487,,나 여기 졸업생이다,청석고 화이팅! 이 국1이 응원한다,"국1(61.108) 2025.10.16 11:41:09
스크랩 조회 284 추천 1 댓글 1",1,284,2025.10.16 11:41:09,https://gall.dcinside.com/mgallery/board/view/?id=cheongbbak&no=2487&page=3
2486,,하이클립 드라마 언제 올라오냐?,좀 ㅅㅂ,"청갤러(123.142) 2025.10.16 10:36:08
스크랩 조회 238 추천 0 댓글 1",0,238,2025.10.16 10:36:08,https://gall.dcinside.com/mgallery/board/view/?id=cheongbbak&no=2486&page=3
2485,,↓ 이새끼 면상,,"청갤러(123.142) 2025.10.15 10:07:20
스크랩 조회 618 추천 2 댓글 3",2,618,2025.10.15 10:07:20,https://gall.dcinside.com/mgallery/board/view/?id=cheongbbak&no=2485&page=3
2484,,ㅅ발,"요즘 1,2학년 ㅈ밥들이 개깝치는데 저번 석식관종새끼도 그렇고 똥가오ㅈㄴ잡는 1학년들도 그렇고 깝치지말고 학교댕겨라 꼬우면 3학년 X준혁 학생을 찾아와라 ㅈ같이 패줄테니까 ㅈ밥들아","ㅇㅇ(218.50) 2025.10.14 19:59:43
스크랩 조회 430 추천 2 댓글 5",2,430,2025.10.14 19:59:43,https://gall.dcinside.com/mgallery/board/view/?id=cheongbbak&no=2484&page=3
2483,,가장 빛나는 별은 지금 너에게로,ㅈ됐으면 개추ㅋㅋㅋㅋㅋㅋㅋㅋㅋㅋㅋㅋㅋㅋㅋㅋ,"기계 유(1.246) 2025.10.14 18:45:38
스크랩 조회 418 추천 3 댓글 5",3,418,2025.10.14 18:45:38,https://gall.dcinside.com/mgallery/board/view/?id=cheongbbak&no=2483&page=3
2482,,금지,"축구 금지
학사 금지
주딱 금지
애니 금지 <=개장애병신 탑1 ㄹㅇ 엄창","청갤러(123.142) 2025.10.13 15:09:28
스크랩 조회 273 추천 2 댓글 2",2,273,2025.10.13 15:09:28,https://gall.dcinside.com/mgallery/board/view/?id=cheongbbak&no=2482&page=3
2481,,사실 이게 더 좋다,"https://youtu.be/DE_21hjlYJg
день моего свидания с джейн
제인과의 데이트 날

все готово
모든 준비는 끝났어

Утоом мы пойдем вместе а церковь
아침엔 함께 교회에 가고

Мы будем пить кофе и есть омлеты в кафе
카페에서 커피를 마시고 오믈렛을 먹을 거야

После того как мы прогуляемся в парке
그 후엔 공원을 산책하고

Мы пойдем в аквариум и увиде любимых Джейн, дельфинов и пингвинов
수족관에 가서 제인이 좋아하는 돌고래와 펭귄을 볼 거야

После обода мы отдохнем
점심을 먹고 나면 쉬고

итак, что мы сделали утром
아침에 우리가 뭘 했는지

Мы будем говорить об этом пока не вспомним
이야기하다가도 기억하지 못하겠지

Мы не вспомним
우리는 기억하지 못하겠지

И ночью мы будем спать в церкви
그리고 밤에는 교회에서 잠들 거야","레제(218.50) 2025.10.12 02:26:32
스크랩 조회 280 추천 4 댓글 0",4,280,2025.10.12 02:26:32,https://gall.dcinside.com/mgallery/board/view/?id=cheongbbak&no=2481&page=3
2480,,누가 더 영향력이 클까 호날두 vs 팝스타 전원,- dc official App,"디바(59.28) 2025.10.11 23:32:04
스크랩 조회 200 추천 1 댓글 2",1,200,2025.10.11 23:32:04,https://gall.dcinside.com/mgallery/board/view/?id=cheongbbak&no=2480&page=3
2479,,한국오면 누굴 더 알아볼까,"호나우지뉴 아리아나 그란데 누가 더 사람들이 모일까
홍대에서 누가 더 많이 모일까

누가 더 화제일까
- dc official App","디바(59.28) 2025.10.11 22:26:03
스크랩 조회 247 추천 0 댓글 1",0,247,2025.10.11 22:26:03,https://gall.dcinside.com/mgallery/board/view/?id=cheongbbak&no=2479&page=3
2477,,3학년 9반에 이새끼 뭐임?,귀여운애 하나 있음 ㅈㄴ,"청갤러(123.142) 2025.10.10 11:28:11
스크랩 조회 549 추천 3 댓글 2",3,549,2025.10.10 11:28:11,https://gall.dcinside.com/mgallery/board/view/?id=cheongbbak&no=2477&page=3
2476,,ㅈ석고,딴학교는 안가는데 ㅈ석고만 등교하노,"청갤러(211.59) 2025.10.10 02:43:55
스크랩 조회 311 추천 4 댓글 1",4,311,2025.10.10 02:43:55,https://gall.dcinside.com/mgallery/board/view/?id=cheongbbak&no=2476&page=3
2475,,"국어,문학","선생님인 윤지영 선생님을 사랑합니다.
세상에 70억명의 윤지영 선생님의 팬이 있다면, 나는 그들 중 한 명일 것이다.

세상에 1억명의 윤지영 선생님의 팬이 있다면, 나 또한 그들 중 한 명일 것이다.

세상에 천만 명의 윤지영 선생님의 팬이 있다면, 나는 여전히 그들 중 한 명일 것이다.

세상에 백 명의 윤지영 선생님의 팬이 있다면, 나는 아직도 그들 중 한 명일 것이다.

세상에 한 명의 윤지영 선생님의 팬이 있다면, 그 사람은 아마도 나일 것이다.

세상에 단 한 명의 윤지영 선생님의 팬도 없다면, 나는 그제서야 이 세상에 없는 것이다.
윤지영 선생님, 나의 사랑.
윤지영 선생님, 나의 빛.
윤지영 선생님, 나의 어둠.
윤지영 선생님, 나의 삶.
윤지영 선생님, 나의 기쁨.
윤지영 선생님, 나의 슬픔.
윤지영 선생님, 나의 고통.
윤지영 선생님, 나의 안식.
윤지영 선생님, 나","청빡이(218.50) 2025.10.09 02:18:19
스크랩 조회 640 추천 3 댓글 2",3,640,2025.10.09 02:18:19,https://gall.dcinside.com/mgallery/board/view/?id=cheongbbak&no=2475&page=3
2474,,졸업증명서 떼러 오랜만에 학교 갔는데,"권희붕붕카쌤 은퇴하셨냐? 은근히 호감슨상이었는디 ㅋㅋㅋ
- dc official App","소주빠는칸예 2025.10.07 21:01:52
스크랩 조회 428 추천 0 댓글 2",0,428,2025.10.07 21:01:52,https://gall.dcinside.com/mgallery/board/view/?id=cheongbbak&no=2474&page=3
2473,,진지하게,"레제랑 사귈 수 있는 방법 없나
- dc official App","김까까 2025.10.06 20:10:46
스크랩 조회 387 추천 0 댓글 3",0,387,2025.10.06 20:10:46,https://gall.dcinside.com/mgallery/board/view/?id=cheongbbak&no=2473&page=3
2472,,청석고 2.9 경희대면 잘간거냐?,"서울자사고 다니는데 김과외에 청석고 2.9로 경희대 지리학과 간사람 있길래 지방일반고가 2.9로 경희대 가는거에 흠칫함

청석고나 다른 청주 갓반고들 수준 높냐?

최근에 공사 시험치러 청주가봤는데 도시 인프라는 ㅅㅌㅊ던데","ㅇㅇ(125.131) 2025.10.06 18:21:36
스크랩 조회 689 추천 2 댓글 10",2,689,2025.10.06 18:21:36,https://gall.dcinside.com/mgallery/board/view/?id=cheongbbak&no=2472&page=3
2468,,이 세상에선 없어져야 행복한것들이 있습니다,"시험 끝났으니 체인소맨 영화 보러 간다
스포 소용없다 이미 만화로 다 봤다","마키마(123.142) 2025.10.01 12:58:35
스크랩 조회 396 추천 3 댓글 2",3,396,2025.10.01 12:58:35,https://gall.dcinside.com/mgallery/board/view/?id=cheongbbak&no=2468&page=3
2467,,솔직히 국어랑 사회 진짜진짜진짜 간지있음,아 진짜 간지 있다곸ㅋㅋㅋㅋㅋㅋㅋ,"청갤러(123.142) 2025.09.30 12:50:11
스크랩 조회 412 추천 0 댓글 1",0,412,2025.09.30 12:50:11,https://gall.dcinside.com/mgallery/board/view/?id=cheongbbak&no=2467&page=3
2466,,진지하게 학사 고민하고 있는 학생들은 필독해라,"보통 학사에 들어오려고 하는 학생들은 공부가 주목적일 확률이 높은데 이거에 대해서 할말은

캐바캐임
야자 환경은 진심 어떤 스터디 카페보다 좋음
재수학원 비슷한 분위기 있어서 야자할때 상당히 집중이 잘됨. 

다만, 교우들이 쉬는시간마다 지랄 떨 가능성+
쉬는시간 끝나고도 계속 지랄 할 가능성+
가끔씩 사감 선생님의 따뜻하신 말씀+
있어서 ""나는 앞으로 공부에만 미칠거다""라면
한 번 학사 들어가보고 판단하는게 좋음
진심 캐바캐라서.

그리고 보통 학생들과 다르게 학사생들은 밤 11시 20분까지 [필수로] 공부를 해야하는데 이것도 고려사항임

그리고 무엇보다 중요한거.
학사는 평일에 학원을 안 보내준다.
금요일 밤 10시에 나가서 일요일 밤 10시 전까지 들어와야함. 그때가 유일하게 학원을 갈 시간이라서 이거 때문에 학사에 못 들어오는 학생들 꽤 있음

하지만 공부를 잘하는 대대대부분의 아이들은 
자습이 더 중요하다는걸 우리는 알아야한다.

참고로 본인은 학사 1학기 지내다가 안 맞아서 나옴.
장단점은 확실해서 

개인적으로 나는 한번 들어가보는걸 추천함.

야자, 취침시간, 출퇴근, 학원 등등 공부 관련된거는 다 정리했으니 도움 됐으면 개추,

추가질문은 댓글로 받는다","기계 유(123.142) 2025.09.30 08:17:08
스크랩 조회 452 추천 2 댓글 4",2,452,2025.09.30 08:17:08,https://gall.dcinside.com/mgallery/board/view/?id=cheongbbak&no=2466&page=3
2465,,이과가 사탐런을 하는게 말이 됌? 문과 과목 수준ㅋㅋ,"순수 이과의 힘을 보여주마 문과 병신들아ㅋㅋㅋㅋㅋㅋㅋㅋㅋ

ㅋㅋㅋㅋㅋㅋㅋㅋㅋㅋ

ㅋㅋㅋㅋㅋㅋㅋㅋ......

에휴

(사탐런을 하며)","기계 유(123.142) 2025.09.30 08:00:41
스크랩 조회 294 추천 1 댓글 1",1,294,2025.09.30 08:00:41,https://gall.dcinside.com/mgallery/board/view/?id=cheongbbak&no=2465&page=3
2464,,공부를 한 사람만 느낄수있는 감정인데,"8월& 9월 초중반에 한것들만 기억이 또렷하고 그 이후로는 내 대가리가 공부한 내용을 익숙하다고 느끼는건지 그 이후로는 공부를 해도 초반의 효율이 안나옴


그렇다면 대가리를 존나 쎄게 쳐서 기억을 리셋하고 시험 전날밤에 모든 범위를 공부하면 되잖아???!!!???!!!???!!!","기계 유(123.142) 2025.09.30 07:52:38
스크랩 조회 356 추천 1 댓글 2",1,356,2025.09.30 07:52:38,https://gall.dcinside.com/mgallery/board/view/?id=cheongbbak&no=2464&page=3
2463,,아 못참겠다,아ㅋㅋ 시험 전날밤 포켓로그는 못참는다고ㅋㅋㅋㅋ,"기계 유(123.142) 2025.09.30 07:48:55
스크랩 조회 301 추천 2 댓글 0",2,301,2025.09.30 07:48:55,https://gall.dcinside.com/mgallery/board/view/?id=cheongbbak&no=2463&page=3
2462,,1학년 7반 토한새끼 누구냐,진짜 개좆같노 ㅋㅋ,"청갤러(104.28) 2025.09.29 15:11:24
스크랩 조회 687 추천 6 댓글 8",6,687,2025.09.29 15:11:24,https://gall.dcinside.com/mgallery/board/view/?id=cheongbbak&no=2462&page=3
2461,,사복등교,교복 상의 유지하고 바지 생활복으로 쇼부치면 가능성 있다고 본다 ㅇㅇ,"청갤러(112.154) 2025.09.28 17:29:07
스크랩 조회 360 추천 0 댓글 2",0,360,2025.09.28 17:29:07,https://gall.dcinside.com/mgallery/board/view/?id=cheongbbak&no=2461&page=3
2460,,블루아카하는 청붕이 있냐?,"히카리 아크릴블럭 떴는데 노조미랑 바꿀사람 댓 ㄱㄱ
- dc official App","ㅇㅇ(59.31) 2025.09.27 13:03:26
스크랩 조회 357 추천 1 댓글 4",1,357,2025.09.27 13:03:26,https://gall.dcinside.com/mgallery/board/view/?id=cheongbbak&no=2460&page=3
2459,,반갑노 찐따 게이들아,"응디 나 청농다니는 유버이자 배우,성우 꿈나무인 유동완이라고해. 내가 이번에 청석고 다니는 오한음,탁원진,강경훈,홍지훈 등등 많은 친구들과 함께 웹드라마를 만들려고 준비중이다 이기야. 모두 많은 관심 가져주면 좋겠고 똥통학교에서 다같이 잘 지내라 청석고 붕신 찐따들아.^모^","유동완(218.50) 2025.09.27 02:39:26
스크랩 조회 509 추천 1 댓글 5",1,509,2025.09.27 02:39:26,https://gall.dcinside.com/mgallery/board/view/?id=cheongbbak&no=2459&page=3
2455,,솔직히,교권 너무 높은 것 같다..,"청갤러(111.118) 2025.09.25 01:35:18
스크랩 조회 314 추천 3 댓글 1",3,314,2025.09.25 01:35:18,https://gall.dcinside.com/mgallery/board/view/?id=cheongbbak&no=2455&page=3
2454,,동ㅈ이는 왜 등교할때 운동장 다니는거 지랄하는거냐,운동화 신고 운동장 가는게 뭐가 문젠데 시발,"허대디(1.246) 2025.09.25 00:24:15
스크랩 조회 698 추천 19 댓글 4",19,698,2025.09.25 00:24:15,https://gall.dcinside.com/mgallery/board/view/?id=cheongbbak&no=2454&page=3
2453,,동bts멤버goat 왤케 나대냐,적당히 해야지 38분에 차에서 나오면서 처잡는게 아딨냐,"청갤러(39.7) 2025.09.24 22:46:04
스크랩 조회 409 추천 0 댓글 2",0,409,2025.09.24 22:46:04,https://gall.dcinside.com/mgallery/board/view/?id=cheongbbak&no=2453&page=3
2452,,안녕하세요 신입 입니다,디씨 오늘부터 시작한다,"기계 유(123.142) 2025.09.24 10:31:17
스크랩 조회 281 추천 1 댓글 1",1,281,2025.09.24 10:31:17,https://gall.dcinside.com/mgallery/board/view/?id=cheongbbak&no=2452&page=3
2451,,오늘 석식 병신새끼 누구임?,"관종임???
- dc official App","ㅇㅇ(223.39) 2025.09.23 18:42:13
스크랩 조회 547 추천 0 댓글 0",0,547,2025.09.23 18:42:13,https://gall.dcinside.com/mgallery/board/view/?id=cheongbbak&no=2451&page=4
2450,,안녕하세요. 학생회장 ㅎㅈㅇ 입니다.,"생활복 등교는 안타깝게도 불가할 것 같습니다.


























그래서 어쩔건데 ㅅㅂㄹ들아
꼬우면 탄핵시키던가 ㅋ
- dc official App","ㅇㅇ(123.142) 2025.09.23 08:06:43
스크랩 조회 534 추천 4 댓글 4",4,534,2025.09.23 08:06:43,https://gall.dcinside.com/mgallery/board/view/?id=cheongbbak&no=2450&page=4
2449,,머리 M자 탈모이신 3학년분,"제발 급식먹을때 조용히 해주세요
- dc official App","ㅇㅇ(118.235) 2025.09.23 00:22:29
스크랩 조회 370 추천 1 댓글 5",1,370,2025.09.23 00:22:29,https://gall.dcinside.com/mgallery/board/view/?id=cheongbbak&no=2449&page=4
2447,,도대체 왜,점심 체조가 제로투임;;,"청갤러(123.142) 2025.09.22 14:43:13
스크랩 조회 378 추천 6 댓글 1",6,378,2025.09.22 14:43:13,https://gall.dcinside.com/mgallery/board/view/?id=cheongbbak&no=2447&page=4
2446,,솔직히 라민호는 회장자격 없음,"댄스부 섭외의 자격을 가지고있음ㅋㅋㅋㅋㅋㅋㅋ

사복 허용하는 병신들보다 댄스부 섭외하는 라민호가 ㄹㅇ GOAT임","청갤러(123.142) 2025.09.22 13:15:02
스크랩 조회 780 추천 17 댓글 8",17,780,2025.09.22 13:15:02,https://gall.dcinside.com/mgallery/board/view/?id=cheongbbak&no=2446&page=4
2444,,가장 이쁜쌤 ㄴㄱ?,댓글에 갠취  ㄱㄱ,"청빡(61.253) 2025.09.22 03:32:59
스크랩 조회 868 추천 0 댓글 10",0,868,2025.09.22 03:32:59,https://gall.dcinside.com/mgallery/board/view/?id=cheongbbak&no=2444&page=4
2443,,생활복 등교는 언제 가능한건가요????,???,"청갤러(223.39) 2025.09.19 21:43:38
스크랩 조회 304 추천 0 댓글 1",0,304,2025.09.19 21:43:38,https://gall.dcinside.com/mgallery/board/view/?id=cheongbbak&no=2443&page=4
2442,,윤영춘<< GOAT였으면 개추,"지금 교장 뭐하는건지도 모르겠음
- dc official App","ㅇㅇ(118.235) 2025.09.19 20:14:06
스크랩 조회 532 추천 7 댓글 2",7,532,2025.09.19 20:14:06,https://gall.dcinside.com/mgallery/board/view/?id=cheongbbak&no=2442&page=4
2441,,사복 왜안되냐?,"씨발
- dc official App","ㅇㅇ(118.235) 2025.09.19 20:12:13
스크랩 조회 237 추천 0 댓글 2",0,237,2025.09.19 20:12:13,https://gall.dcinside.com/mgallery/board/view/?id=cheongbbak&no=2441&page=4
2440,,본인이 여기서 ㄹㅇ 우월하다 싶으면,"그냥 닥치고 있으셈 ㅇㅇ 애초에 디시하는 찐따들이랑 말해서 뭘 얻으려고 하는 건데ㅋㅋㅋ 우월감?ㅋㅋ
선비충마냥 글 싸지르는 순간 너도 우리같이 되는거야","ㅇㅇ(118.235) 2025.09.19 17:40:15
스크랩 조회 273 추천 4 댓글 0",4,273,2025.09.19 17:40:15,https://gall.dcinside.com/mgallery/board/view/?id=cheongbbak&no=2440&page=4
2439,,청석고 교내연애 가능하냐,ㅈㄱㄴ,"청갤러(123.142) 2025.09.19 13:18:12
스크랩 조회 359 추천 0 댓글 1",0,359,2025.09.19 13:18:12,https://gall.dcinside.com/mgallery/board/view/?id=cheongbbak&no=2439&page=4
2438,,ㅂㅅ 디시하는 새끼들 꼬라지 ㅉㅉ,"뭘 처 싸우고있노 123학년 다 좃ㅂㅅ년들이 현실에서 말 못하면서 여기나 글이나 싸지르고있노 나였으면 나가 뒤졌다
이새끼들 처 싸우다가 긁혀서 댓글에 개지랄할거 보여서 존나역겹노 ㅋㅋㅋ","청갤러(123.142) 2025.09.19 12:27:18
스크랩 조회 465 추천 8 댓글 8",8,465,2025.09.19 12:27:18,https://gall.dcinside.com/mgallery/board/view/?id=cheongbbak&no=2438&page=4
2434,,1학년3반 이상한애있음,ㅎㅇㅈ라고 진짜 냄새가 너무남 수업하다가 ㄷㅈ뻔,"이보영(123.142) 2025.09.18 14:29:29
스크랩 조회 323 추천 0 댓글 0",0,323,2025.09.18 14:29:29,https://gall.dcinside.com/mgallery/board/view/?id=cheongbbak&no=2434&page=4
2433,,청석고 성동해 꼭봐라,혀짤렸냐 ㅅ버련아,"청갤러(61.108) 2025.09.18 12:12:52
스크랩 조회 274 추천 0 댓글 2",0,274,2025.09.18 12:12:52,https://gall.dcinside.com/mgallery/board/view/?id=cheongbbak&no=2433&page=4
2432,,나 1학년 1짱이고 여자 ㅈㄴ 많은데 부럽지? ㅋㅋㅋㅋ,"한남유충 청석게이들 제목보고 환장해서 바로들어왔네 
시발 부럽냐? ㅋ 느그들은 40대 돼서 돈내고하겠지만 나는 16살때 ㅇㄷ 떘다
프롬프트
1boy, solo, male_focus, dark-skinned_male, dark_skin, pants, topless_male, hat, red_pants, jewelry, white_background, necklace, clenched_hands, simple_background, realistic, red_headwear, glasses
네거티브
프롬프트
샘플링 DPM++ 2M","ㅈㅎㅅ(123.142) 2025.09.18 11:31:38
스크랩 조회 418 추천 1 댓글 3",1,418,2025.09.18 11:31:38,https://gall.dcinside.com/mgallery/board/view/?id=cheongbbak&no=2432&page=4
2429,,병먹금 ㄱㄱ,"반응하면 더 할 새끼들이다
- dc official App","ㅇㅇ(112.155) 2025.09.17 19:49:33
스크랩 조회 328 추천 11 댓글 1",11,328,2025.09.17 19:49:33,https://gall.dcinside.com/mgallery/board/view/?id=cheongbbak&no=2429&page=4
2428,,아래 달린 글 댓글들 그대로 1학년 3반쌤 보여주면 되냐?,쫄려서 맞짱은 못뜨겠음 ㅇㅇ,"청갤러(211.235) 2025.09.17 19:44:55
스크랩 조회 557 추천 15 댓글 3",15,557,2025.09.17 19:44:55,https://gall.dcinside.com/mgallery/board/view/?id=cheongbbak&no=2428&page=4
2427,,일신갤에 이 련 뭐냐?,"너한테는 죽어도 안벌렷!












내가 박아주마","일신대장(211.171) 2025.09.17 15:24:27
스크랩 조회 1763 추천 4 댓글 3",4,1763,2025.09.17 15:24:27,https://gall.dcinside.com/mgallery/board/view/?id=cheongbbak&no=2427&page=4
2426,,나 1학년 3반 이준석인데,나 이준석인데 나 좀 잘생긴거같다 ㄹㅇ 여자꼬일듯,"이준석(61.108) 2025.09.17 15:22:38
스크랩 조회 346 추천 0 댓글 3",0,346,2025.09.17 15:22:38,https://gall.dcinside.com/mgallery/board/view/?id=cheongbbak&no=2426&page=4
2425,,청석고 6행시,"청 - 청춘의 빛나는 순간을
석 - 석양처럼 아름답게 물들이는
고 - 고요한 교정 속 배움의 열정,
등 - 등을 맞대며 함께 걸어가는 친구들,
학 - 학문의 깊이를 쌓아가며
교 - 교육의 참된 가치를 실현하는 청석고

청평 ㄷㄷ","ㄱㄱㅂ(61.108) 2025.09.17 15:21:50
스크랩 조회 246 추천 2 댓글 0",2,246,2025.09.17 15:21:50,https://gall.dcinside.com/mgallery/board/view/?id=cheongbbak&no=2425&page=4
2424,,와산나카린샵,나 황석진인데 1-3반 찾아와라 진짜 개패준다 이래봐도 원봉중대장이다,"와산나(123.142) 2025.09.17 14:57:04
스크랩 조회 198 추천 0 댓글 0",0,198,2025.09.17 14:57:04,https://gall.dcinside.com/mgallery/board/view/?id=cheongbbak&no=2424&page=4
2423,,1학년1반,1학년 1반 중 무슨 염소탕집 아들인가? 그런애 진짜 적당히깝쳐라,"대물(123.142) 2025.09.17 14:21:01
스크랩 조회 220 추천 0 댓글 1",0,220,2025.09.17 14:21:01,https://gall.dcinside.com/mgallery/board/view/?id=cheongbbak&no=2423&page=4
2421,,갤 좆노잼됐네,"ㅅㅂ 니들끼리 갤을 파
저정도면 도배 아님?

- dc official App","ㅇㅇ(123.142) 2025.09.17 13:59:54
스크랩 조회 337 추천 3 댓글 5",3,337,2025.09.17 13:59:54,https://gall.dcinside.com/mgallery/board/view/?id=cheongbbak&no=2421&page=4
2420,,드립은 알고쓰자 진짜 병신들아 그러다,람쥐썬더!!!!!!!!,"청갤러(123.142) 2025.09.17 13:05:22
스크랩 조회 268 추천 3 댓글 2",3,268,2025.09.17 13:05:22,https://gall.dcinside.com/mgallery/board/view/?id=cheongbbak&no=2420&page=4
2418,,1학년 3반 찐따새끼들 단체로 애미뒤졌냐..?,"니네끼리 재밌게 노는 건 알겠능데
몇백명 쓰는 학교 갤러리에서 니네만 아는 좆노잼 드립 도배하는건 진짜 개병신같음
장애인으로 태어났으면 적어도 피해는 주지 말고 살자 ㅇㅇ
- dc official App","ㅇㅇ(112.155) 2025.09.17 00:35:50
스크랩 조회 920 추천 32 댓글 18",32,920,2025.09.17 00:35:50,https://gall.dcinside.com/mgallery/board/view/?id=cheongbbak&no=2418&page=4
2416,,1학녀 3반 곽규빈,"곽규빈 이거 60대아니냐 ㄹㅇ 교사보다 삭은듯
프롬프트
1
네거티브
프롬프트
샘플링 DPM++ 2M","청갤러(123.142) 2025.09.16 15:24:20
스크랩 조회 314 추천 2 댓글 2",2,314,2025.09.16 15:24:20,https://gall.dcinside.com/mgallery/board/view/?id=cheongbbak&no=2416&page=4
2415,,1학년3반 성동해,교정기를 빼서 발음도 괜찮아졌는데 1학년 3반으로 오면 나랑사귀어드림ㅋ,"얼굴미남(123.142) 2025.09.16 15:20:53
스크랩 조회 199 추천 0 댓글 1",0,199,2025.09.16 15:20:53,https://gall.dcinside.com/mgallery/board/view/?id=cheongbbak&no=2415&page=4
2413,,청석고등학교 황석진,안녕하세요 청석고등학교 1학년 황석진입니다 25cm 태국 아기몽둥이에 무차별하게 당해보시 분은 1학년 3반 앞으로 와주세요,"청갤러(61.108) 2025.09.16 15:08:19
스크랩 조회 266 추천 0 댓글 3",0,266,2025.09.16 15:08:19,https://gall.dcinside.com/mgallery/board/view/?id=cheongbbak&no=2413&page=4
2412,,1학년 3반 이준석,이거 ㄱㅔ임에 나오는거 아니냐 잉어킹이 왜여깄냐,"청갤러(61.108) 2025.09.16 15:08:12
스크랩 조회 192 추천 1 댓글 1",1,192,2025.09.16 15:08:12,https://gall.dcinside.com/mgallery/board/view/?id=cheongbbak&no=2412&page=4
2411,,1학년3반 이준석,얘는 전설이다 건들면 ㅈ됨,"청석오빠(61.108) 2025.09.16 15:08:01
스크랩 조회 261 추천 0 댓글 2",0,261,2025.09.16 15:08:01,https://gall.dcinside.com/mgallery/board/view/?id=cheongbbak&no=2411&page=4
2410,,1학년3반 성동해,말 똑바로해 ㅈㅂ,"청석오빠(61.108) 2025.09.16 15:07:10
스크랩 조회 225 추천 1 댓글 5",1,225,2025.09.16 15:07:10,https://gall.dcinside.com/mgallery/board/view/?id=cheongbbak&no=2410&page=4
2409,,1학년3반 박정우,몸매가 이쁘긴함,"청석오빠(61.108) 2025.09.16 15:06:21
스크랩 조회 215 추천 2 댓글 1",2,215,2025.09.16 15:06:21,https://gall.dcinside.com/mgallery/board/view/?id=cheongbbak&no=2409&page=4
2407,,1학년 3반 황석진,너무 잘생기셨어요 입술이 뒤지게 크신듯,"청갤러(61.108) 2025.09.16 14:56:34
스크랩 조회 179 추천 0 댓글 0",0,179,2025.09.16 14:56:34,https://gall.dcinside.com/mgallery/board/view/?id=cheongbbak&no=2407&page=4
2406,,1학년 7반 ㄴㅈㅇ,"이련 수업시간에 몰래 방구끼는거 냄새 좆된다 다 아니까 조심해라
그리고 쉬는시간에 케켈운동 하는거 역겨우니까 그만해라","청갤러(123.142) 2025.09.16 10:18:02
스크랩 조회 225 추천 0 댓글 2",0,225,2025.09.16 10:18:02,https://gall.dcinside.com/mgallery/board/view/?id=cheongbbak&no=2406&page=4
2405,,1학년 3반 이x준기,이x준기 이련 존나 나쁜게 지 까만거 알고 밤에 안보이는거 이용해서 야자 끝나고 지 맘에 안드는새끼들 어깨빵치고다님;;,"청갤러(123.142) 2025.09.16 10:14:39
스크랩 조회 266 추천 2 댓글 4",2,266,2025.09.16 10:14:39,https://gall.dcinside.com/mgallery/board/view/?id=cheongbbak&no=2405&page=4
2404,,그래서 생활복 되냐?,ㅈㄱㄴ,"청갤러(61.108) 2025.09.16 09:34:04
스크랩 조회 166 추천 0 댓글 2",0,166,2025.09.16 09:34:04,https://gall.dcinside.com/mgallery/board/view/?id=cheongbbak&no=2404&page=4
2403,,교사협의회가 뭐냐?,맨날 뭘 협의하는거냐 ㅅㅂ??,"청갤러(123.142) 2025.09.16 09:32:55
스크랩 조회 202 추천 0 댓글 2",0,202,2025.09.16 09:32:55,https://gall.dcinside.com/mgallery/board/view/?id=cheongbbak&no=2403&page=4
2402,,청석고에 1찍 있냐?,"있으면 진지하게 댓글다셈
죽여버릴거니까
- dc official App","ㅇㅇ(118.235) 2025.09.14 19:30:51
스크랩 조회 244 추천 0 댓글 1",0,244,2025.09.14 19:30:51,https://gall.dcinside.com/mgallery/board/view/?id=cheongbbak&no=2402&page=4
2401,,고3 ㅂㅅ들아,"공부하는새끼들 ㅈ도 안보이는데 나 고3 환상 품은거냐?
어째 1학년 ㅂㅅ들이 공부를 더 잘하고 더 많이하는것같지?
어차피 n수생 때문에 뒤질 인생 잘 즐기고 이 갓석고 떠나십쇼
이상 09의 객관적 고3 평가임","청갤러(211.35) 2025.09.14 18:47:47
스크랩 조회 509 추천 10 댓글 5",10,509,2025.09.14 18:47:47,https://gall.dcinside.com/mgallery/board/view/?id=cheongbbak&no=2401&page=4
2400,,행정부 X발년들아,와이파이 관리 좀 해라 ㅈㄴ 느려터졌네,"청갤러(123.142) 2025.09.12 14:55:44
스크랩 조회 410 추천 12 댓글 0",12,410,2025.09.12 14:55:44,https://gall.dcinside.com/mgallery/board/view/?id=cheongbbak&no=2400&page=4
2399,,갤러리 수준 왜케 떨어지냐,잠깐 쉰 사이에 개찐따 소굴됐네,"우정학사휴지도둑(1.246) 2025.09.11 23:51:41
스크랩 조회 479 추천 23 댓글 4",23,479,2025.09.11 23:51:41,https://gall.dcinside.com/mgallery/board/view/?id=cheongbbak&no=2399&page=4
2398,,와산나 검거,이새끼 구글에 와산나 치면 틱톡계정하나 나오는데 와꾸 ㅈ박았네 ㅋㅋ,"청갤러(61.108) 2025.09.11 23:11:36
스크랩 조회 232 추천 1 댓글 1",1,232,2025.09.11 23:11:36,https://gall.dcinside.com/mgallery/board/view/?id=cheongbbak&no=2398&page=4
2397,,ㅈㅇㅈ은 봐라,니가잘못했잖아니가잘못했잖아니가잘못했잖아니가잘못했잖아니가잘못했잖아니가잘못했잖아니가잘못했잖아니가잘못했잖아니가잘못했잖아니가잘못했잖아니가잘못했잖아니가잘못했잖아니가잘못했잖아니가잘못했잖아니가잘못했잖아니가잘못했잖아니가잘못했잖아니가잘못했잖아니가잘못했잖아니가잘못했잖아니가잘못했잖아니가잘못했잖아니가잘못했잖아니가잘못했잖아니가잘못했잖아니가잘못했잖아니가잘못했잖아니가잘못했잖아니가잘못했잖아니가잘못했잖아니가잘못했잖아니가잘못했잖아니가잘못했잖아니가잘못했잖아니가잘못했잖아니가잘못했잖아니가잘못했잖아니가잘못했잖아니가잘못했잖아니가잘못했잖아니가잘못했잖아니가잘못했잖아니가잘못했잖아니가잘못했잖아니가잘못했잖아니가잘못했잖아니가잘못했잖아니가잘못했잖아니가잘못했잖아니가잘못했잖아니가잘못했잖아니가잘못했잖아니가잘못했잖아니가잘못했잖아니가잘못했잖아니가잘못했잖아니가잘못했잖아니가잘못했잖아니가잘못했잖아니가잘못했잖아니가잘못했잖아니가잘못했잖아니가잘못했잖아니가잘못했잖아니가잘못했잖아니가잘못했잖아니가잘못했잖아니가잘못했잖아니가잘못했잖아니가잘못했잖아니가잘못했잖아니가잘못했잖아니가잘못했잖아니가잘못했잖아니가잘못했잖아니가잘못했잖아니가잘못했잖아니가잘못했잖아니가잘못했잖아니가잘못했잖아니가잘못했잖아니가잘못했잖아니가잘못했잖아니가잘못했잖아니가잘못했잖아니가잘못했잖아니가잘못했잖아니가잘못했잖아니가잘못했잖아니가잘못했잖아니가잘못했잖아니가잘못했잖아니가잘못했잖아니가잘못했잖아니가잘못했잖아니가잘못했잖아니가잘못했잖아니가잘못했잖아니가잘못했잖아니가잘못했잖아니가잘못했잖아니가잘못했잖아니가잘못했잖아니가잘못했잖아니가잘못했잖아니가잘못했잖아니가잘못했잖아니가잘못했잖아니가잘못했잖아니가잘못했잖아니가잘못했잖아니가잘못했잖아니가잘못했잖아니가잘못했잖아,"청갤러(61.108) 2025.09.11 22:45:32
스크랩 조회 262 추천 0 댓글 2",0,262,2025.09.11 22:45:32,https://gall.dcinside.com/mgallery/board/view/?id=cheongbbak&no=2397&page=4
2395,,저 여곤데 남고어때요?,저 충북여고 1학년인데 알려주세요 오빠들,"충북여고큉카(61.108) 2025.09.11 12:17:10
스크랩 조회 339 추천 3 댓글 2",3,339,2025.09.11 12:17:10,https://gall.dcinside.com/mgallery/board/view/?id=cheongbbak&no=2395&page=4
2394,,고석진이 누구임?? 전설임?,우주창조자임??,"청갤러(61.108) 2025.09.11 12:06:13
스크랩 조회 186 추천 0 댓글 1",0,186,2025.09.11 12:06:13,https://gall.dcinside.com/mgallery/board/view/?id=cheongbbak&no=2394&page=4
2393,,나 와산나인데 고석진이 누구냐,우주 창조자 스컬,"와산나(61.108) 2025.09.11 12:05:09
스크랩 조회 158 추천 1 댓글 0",1,158,2025.09.11 12:05:09,https://gall.dcinside.com/mgallery/board/view/?id=cheongbbak&no=2393&page=4
2392,,일진들한테 괴롭힘 당하는 여자애 구해줘서 고백 받았는데 어카냐 ;;,"아 ㅅㅂ 이거 진짜 누구한테 말하기도 민망한데 온라인이니까 걍 말해 봄
나 그냥 평소에 안경쓰고 다니는 흔한 모쏠 평범남이거든? 학원에서 걍 공기 취급 당하고 맨날 구석에 앉아서 공부만 하는 애처럼 보임.
근데 학원 같은 반에 좀 이쁜 여자가 있었음 문제는 그 여자가 맨날 반 일진 무리한테 괴롭힘 당했음(상당고,금천고). 가방 던지고 책 엎고 진짜 개극혐으로 굴었거든 난 속으론 존나 열받았는데 겉으론 말도 못 함(개찐따여서 ㅠㅠ)  그냥 안경 고쳐쓰고 ""에휴…"" 하면서 못도와줬음 근데 어느날 쉬는시간에 사건 터짐 일진들이 또 그 여자 괴롭히는데 내가 거기 지나가다가 일진 새끼가 실수로 나를 친거임 그러면서 안경이 바닥에 떨어짐…여기서 문제는 내 안경 벗겨진거임
진짜 농담 아니라 다른반 학원 애들이 갑자기 웅성거리더라.""어? 왤케 잘생겼냐?"" ""야 씨 얘 누구야?""
일진새끼가 ""뭘 봐 ㅅㅂ"" 하면서 덤비는데, 내가 그때 존나 빡쳐서 멱살 잡고 테이블 위로 꽂아버림(평소에 청석고 강당에 있는 글러브로 샌드백 많이 쳐봐서 자동으로 손이나감 ;;) . 주변 다 조용해지고 남은 일진들도 ""어…어…야 가자"" 하면서 쫄아서 도망감ㅋㅋ. 쫒아가려했는데 뚱남이라 못쫒아감;;
여자는 울먹이면서 나 보더니 손 꼭 잡으면서 ""고마워…"" 이러는데 진짜 설레더라 ㅆㅂ
내 심장은 이미 그녀에게 가고 있었음
그 뒤로 그냥 둘이 자주 붙어다님.  그리고 학원 쌤이 ""야 너네 사귀냐?"" 하는데 여자가 얼굴 빨개지면서 그렇다고 하는데 ㅆㅂ 어칼까? 



아 그리고 3학년중에 키크코 탈모있고 볼빨간 새끼 왤케 발음 좆같냐 허허허","ㅇㅇ(219.254) 2025.09.11 01:35:40
스크랩 조회 488 추천 2 댓글 8",2,488,2025.09.11 01:35:40,https://gall.dcinside.com/mgallery/board/view/?id=cheongbbak&no=2392&page=4
2391,,1학년 3반 이준기 너무잘생긴듯,ㅇㅈ,"청갤러(61.108) 2025.09.09 14:27:11
스크랩 조회 260 추천 1 댓글 1",1,260,2025.09.09 14:27:11,https://gall.dcinside.com/mgallery/board/view/?id=cheongbbak&no=2391&page=4
2390,,3반에,27번,"청평(223.39) 2025.09.06 21:48:18
스크랩 조회 249 추천 0 댓글 0",0,249,2025.09.06 21:48:18,https://gall.dcinside.com/mgallery/board/view/?id=cheongbbak&no=2390&page=4
2389,,청평축구,"2학년 lavafc☠️☠️
ㅈㄴ쌔다 
2군 격수 2명 미드 1명 모집중 1군 수비수 1명 모집한다

프롬프트
.
네거티브
프롬프트
샘플링 Euler","김X찬학생(123.142) 2025.09.05 11:02:43
스크랩 조회 381 추천 3 댓글 2",3,381,2025.09.05 11:02:43,https://gall.dcinside.com/mgallery/board/view/?id=cheongbbak&no=2389&page=4
2388,,이 학교,진짜 게이소굴인가요?,"ㅇㅇ(61.108) 2025.09.04 11:17:52
스크랩 조회 255 추천 0 댓글 1",0,255,2025.09.04 11:17:52,https://gall.dcinside.com/mgallery/board/view/?id=cheongbbak&no=2388&page=5
2387,,생활복 등교 그래서 가능하냐??,"앞에서 뭐 회장 당선된 애가 공개저격까지 하고 당차보이긴 하던데
바로 직전에 생활안전분가 뭔가에서 교복 안 입으면 죽여버리겠다는거 제끼고 가능한가?","청갤러(223.39) 2025.09.01 22:38:23
스크랩 조회 493 추천 1 댓글 9",1,493,2025.09.01 22:38:23,https://gall.dcinside.com/mgallery/board/view/?id=cheongbbak&no=2387&page=5
2385,,지금 주딱 누구임?,"ㅈㄱㄴ
- dc official App","ㅇㅇ(123.142) 2025.08.29 17:24:06
스크랩 조회 428 추천 0 댓글 3",0,428,2025.08.29 17:24:06,https://gall.dcinside.com/mgallery/board/view/?id=cheongbbak&no=2385&page=5
2383,,생활복 등교 요지랄 ㅋㅋㅋㅋ,"그게 됐으면 진작에 됐지 표 얻을라고 말도 안되는 소리를 하노 ㅋㅋ
맨날 공약에 쳐 거는 E스포츠 대회보다 더 말 안되는 수준 ㅇㅇ","청갤러(223.39) 2025.08.24 18:26:17
스크랩 조회 891 추천 18 댓글 6",18,891,2025.08.24 18:26:17,https://gall.dcinside.com/mgallery/board/view/?id=cheongbbak&no=2383&page=5
2382,,E스포츠는 왜 자꾸 우려먹는거임?,"그냥 개인적인 궁금증 ㅇㅇ
- dc official App","청갤러(223.39) 2025.08.24 16:36:17
스크랩 조회 440 추천 2 댓글 2",2,440,2025.08.24 16:36:17,https://gall.dcinside.com/mgallery/board/view/?id=cheongbbak&no=2382&page=5
2381,,1학년 3반에 까만애 외국인임???,,"청석ㄱ(61.108) 2025.08.19 15:04:25
스크랩 조회 501 추천 4 댓글 4",4,501,2025.08.19 15:04:25,https://gall.dcinside.com/mgallery/board/view/?id=cheongbbak&no=2381&page=5
2380,,나 와산나인데,내가 그유명한 와싼나 커립샵이다,"청갤러(61.108) 2025.08.19 15:04:04
스크랩 조회 277 추천 0 댓글 0",0,277,2025.08.19 15:04:04,https://gall.dcinside.com/mgallery/board/view/?id=cheongbbak&no=2380&page=5
2379,,거지학교 시발,"동문회비 1만원 현금준비하라 이지랄
동문회 오지도 않을거같은데
수금능력은 진짜 일타강사노
진짜 돈 존나아깝네","청갤러(223.39) 2025.08.17 22:57:01
스크랩 조회 521 추천 11 댓글 0",11,521,2025.08.17 22:57:01,https://gall.dcinside.com/mgallery/board/view/?id=cheongbbak&no=2379&page=5
2378,,졸업생인데 이 학교에서,"유학 준비하는 게이 있음?? ㅋㅋㅋ 혹시 나랑 같은 길을 걷나 해서 ㅋㅋ 화이팅한다 있으면
- dc official App","소주빠는칸예 2025.08.11 22:00:37
스크랩 조회 451 추천 1 댓글 1",1,451,2025.08.11 22:00:37,https://gall.dcinside.com/mgallery/board/view/?id=cheongbbak&no=2378&page=5
2377,,청석 가고싶다,돌아갈래,"청갤러(124.63) 2025.07.25 12:59:28
스크랩 조회 523 추천 1 댓글 2",1,523,2025.07.25 12:59:28,https://gall.dcinside.com/mgallery/board/view/?id=cheongbbak&no=2377&page=5
2376,,3학년중에 가방 매고 다니는 형 누구냐?,존나 째려봄 ㅜㅜ,"2학년 짱(219.254) 2025.07.22 00:11:42
스크랩 조회 736 추천 3 댓글 6",3,736,2025.07.22 00:11:42,https://gall.dcinside.com/mgallery/board/view/?id=cheongbbak&no=2376&page=5
2375,,전남친놈,,"킥드럼베이스(223.39) 2025.07.21 21:21:37
스크랩 조회 834 추천 17 댓글 0",17,834,2025.07.21 21:21:37,https://gall.dcinside.com/mgallery/board/view/?id=cheongbbak&no=2375&page=5
2374,,애국가 못 부른다고 지랄하는거,나만 꼴받냐,"청갤러(211.59) 2025.07.20 23:07:00
스크랩 조회 682 추천 2 댓글 7",2,682,2025.07.20 23:07:00,https://gall.dcinside.com/mgallery/board/view/?id=cheongbbak&no=2374&page=5
2373,,민심 왜케 바닥임?,"누가 설명좀 ㅇㅇ
- dc official App","청갤러(112.155) 2025.07.20 16:06:26
스크랩 조회 441 추천 0 댓글 0",0,441,2025.07.20 16:06:26,https://gall.dcinside.com/mgallery/board/view/?id=cheongbbak&no=2373&page=5
2372,,회장 누가 반대함?,"너무잘했노ㅋㅋㅋㅋ
- dc official App","청갤러(211.235) 2025.07.20 14:50:00
스크랩 조회 771 추천 20 댓글 2",20,771,2025.07.20 14:50:00,https://gall.dcinside.com/mgallery/board/view/?id=cheongbbak&no=2372&page=5
2370,,회장 선거 반대쳐누르는새끼 누구냐,"자수해라 씨발
- dc official App","ㅇㅇ(222.236) 2025.07.18 16:10:37
스크랩 조회 878 추천 0 댓글 7",0,878,2025.07.18 16:10:37,https://gall.dcinside.com/mgallery/board/view/?id=cheongbbak&no=2370&page=5
2368,,요즘에는,"청석고에 고양이 안삼?
옛날에 한마리 있던거 귀여웠는데
- dc official App","보직물 2025.07.17 07:36:12
스크랩 조회 458 추천 0 댓글 3",0,458,2025.07.17 07:36:12,https://gall.dcinside.com/mgallery/board/view/?id=cheongbbak&no=2368&page=5
2367,,몇년 전 졸업한 졸업생인데,"이 학교 요즘에는 근황 어떰??
- dc official App","소주빠는칸예 2025.07.16 22:15:09
스크랩 조회 613 추천 0 댓글 3",0,613,2025.07.16 22:15:09,https://gall.dcinside.com/mgallery/board/view/?id=cheongbbak&no=2367&page=5
2366,,오철록 학생회 쿠사리 맥였다는데 진짜임?,"첫번째 댄스팀 공연 중에 학생회장 불러서 쿠사리 줬다는데 진짜임?
- dc official App","ㅇㅇ(118.235) 2025.07.16 21:02:40
스크랩 조회 758 추천 0 댓글 4",0,758,2025.07.16 21:02:40,https://gall.dcinside.com/mgallery/board/view/?id=cheongbbak&no=2366&page=5
2365,,첫번째팀 금발,"존나 예쁘네 씨발
- dc official App","보직물 2025.07.16 17:18:41
스크랩 조회 565 추천 0 댓글 1",0,565,2025.07.16 17:18:41,https://gall.dcinside.com/mgallery/board/view/?id=cheongbbak&no=2365&page=5
2364,,민심테스트,"섭외력 GOAT면 개추 ㅋㅋㅋ

- dc official App","ㅇㅇ(123.142) 2025.07.16 16:24:24
스크랩 조회 904 추천 17 댓글 5",17,904,2025.07.16 16:24:24,https://gall.dcinside.com/mgallery/board/view/?id=cheongbbak&no=2364&page=5
2363,,나 평범한 청붕이인데,"이번 축제 좀 실망스러웠음

게이도 만족시켜야되는거 아님?


- dc official App","ㅇㅇ(123.142) 2025.07.16 15:34:09
스크랩 조회 358 추천 0 댓글 1",0,358,2025.07.16 15:34:09,https://gall.dcinside.com/mgallery/board/view/?id=cheongbbak&no=2363&page=5
2362,,축제 부스 뭐있냐,ㅇ,"보직물 2025.07.15 09:16:41
스크랩 조회 277 추천 0 댓글 0",0,277,2025.07.15 09:16:41,https://gall.dcinside.com/mgallery/board/view/?id=cheongbbak&no=2362&page=5
2361,,돈좀 빌려주실분,"바카라로 50 빌린거까지 날렸습니다 ㅠㅠ
돈좀 더 빌려주실분 3학년 7반 앞으로 오셔서 댓글좀 남겨주세여
- dc official App","ㅇㅇ(118.235) 2025.07.15 01:36:58
스크랩 조회 378 추천 0 댓글 5",0,378,2025.07.15 01:36:58,https://gall.dcinside.com/mgallery/board/view/?id=cheongbbak&no=2361&page=5
2360,,급식 ㅈㅂ,"ㅈ같은 토맛토 참외 이런거 그만 내주고
음료수나 옛날처럼 자주 나오면 좋겠음

ㅇㅈ ->>>> 개추","보직물 2025.07.14 13:35:43
스크랩 조회 430 추천 11 댓글 0",11,430,2025.07.14 13:35:43,https://gall.dcinside.com/mgallery/board/view/?id=cheongbbak&no=2360&page=5
2359,,맛 점,,"보직물 2025.07.14 12:17:10
스크랩 조회 314 추천 1 댓글 4",1,314,2025.07.14 12:17:10,https://gall.dcinside.com/mgallery/board/view/?id=cheongbbak&no=2359&page=5
2357,,5일 남았노,- dc official App,"보직물 2025.07.13 22:15:29
스크랩 조회 302 추천 1 댓글 7",1,302,2025.07.13 22:15:29,https://gall.dcinside.com/mgallery/board/view/?id=cheongbbak&no=2357&page=5
2356,,회장 부회장 후보 더 안나옴?,"1명씩밖에 없는데 그럼 걔네가 다 되는거냐?

어케 갈수록 후보가 줄어드노","모모코 2025.07.13 09:07:43
스크랩 조회 341 추천 1 댓글 1",1,341,2025.07.13 09:07:43,https://gall.dcinside.com/mgallery/board/view/?id=cheongbbak&no=2356&page=5
2355,,나랑 영화보러 갈사람,헌혈하고 쿠폰받았는데 볼사람이 없농,"보직물 2025.07.12 10:40:53
스크랩 조회 212 추천 0 댓글 1",0,212,2025.07.12 10:40:53,https://gall.dcinside.com/mgallery/board/view/?id=cheongbbak&no=2355&page=5
2354,,얘들아,"주말에 뭐할거냐
- dc official App","보직물 2025.07.11 18:55:19
스크랩 조회 290 추천 0 댓글 5",0,290,2025.07.11 18:55:19,https://gall.dcinside.com/mgallery/board/view/?id=cheongbbak&no=2354&page=5
2353,,맨날 마늘족발만 나왔으면 좋겠다,"ㅇㅇ

https://youtu.be/_BRoqXKi8xE","보직물 2025.07.11 13:46:20
스크랩 조회 347 추천 0 댓글 4",0,347,2025.07.11 13:46:20,https://gall.dcinside.com/mgallery/board/view/?id=cheongbbak&no=2353&page=5
2352,,요즘 급식 다시 맛있어진듯,오늘 돈가스 ㅆㅅㅌㅊ,"보직물 2025.07.11 05:00:18
스크랩 조회 220 추천 0 댓글 2",0,220,2025.07.11 05:00:18,https://gall.dcinside.com/mgallery/board/view/?id=cheongbbak&no=2352&page=5
2350,,씨.발 잘못 가져갔으면 원래 있던 곳에 태블릿 갖다 놔라,"충전함에 있던 태블릿 지꺼인지 아닌지 확인도 안하고 남의걸 왜 가져가냐? 혹여 잘못 가져갔으면 돌려놔야지.


시간 얼마 안 준다. 할 수 있을 때 돌려 놔라


+) 바로 갖다놨노 잘했다 청빡아","모모코 2025.07.10 13:48:02
스크랩 조회 312 추천 0 댓글 1",0,312,2025.07.10 13:48:02,https://gall.dcinside.com/mgallery/board/view/?id=cheongbbak&no=2350&page=5
2347,,세특 안쓰고 게임중이면 개추ㅋㅋㅋ,알빠노ㅋㅋㅋ,"청붕이(123.142) 2025.07.08 11:11:38
스크랩 조회 426 추천 10 댓글 0",10,426,2025.07.08 11:11:38,https://gall.dcinside.com/mgallery/board/view/?id=cheongbbak&no=2347&page=5
2346,,청소시간 선곡,그냥 틀지마라,"청갤러(1.246) 2025.07.07 20:23:21
스크랩 조회 409 추천 1 댓글 3",1,409,2025.07.07 20:23:21,https://gall.dcinside.com/mgallery/board/view/?id=cheongbbak&no=2346&page=5
2345,,나 와싼나다,나 와싼나인데 이준기 딱가리다,"청갤러(123.142) 2025.07.07 08:47:16
스크랩 조회 304 추천 0 댓글 1",0,304,2025.07.07 08:47:16,https://gall.dcinside.com/mgallery/board/view/?id=cheongbbak&no=2345&page=5
2342,,디시탈출,제목 그대로 나 우정학사휴지도둑은 디시 탈출한다. 디시탈출 지능순이니까 너희도 빨리빨리 탈출해서 현생 살아라 나는 간다.,"우정학사휴지도둑(1.246) 2025.07.07 01:15:34
스크랩 조회 490 추천 12 댓글 3",12,490,2025.07.07 01:15:34,https://gall.dcinside.com/mgallery/board/view/?id=cheongbbak&no=2342&page=5
2341,,:3,나랑 이거쓸사람?,"청갤러(49.173) 2025.07.04 19:04:59
스크랩 조회 286 추천 0 댓글 2",0,286,2025.07.04 19:04:59,https://gall.dcinside.com/mgallery/board/view/?id=cheongbbak&no=2341&page=5
2339,,형 청석고 시절엔,"청석고 서울대 잘보내는 명문

근처 용암동은 잘사는 동네였는데

용암동 주변은 할렘가에 개앰창고 다됐네

나는 너희가 자랑스럽다","ㅇㅇ(211.55) 2025.07.03 19:44:05
스크랩 조회 412 추천 1 댓글 1",1,412,2025.07.03 19:44:05,https://gall.dcinside.com/mgallery/board/view/?id=cheongbbak&no=2339&page=5
2336,,웅아,글 썼다 지웠다 그만해라,"청갤러(14.51) 2025.07.03 13:41:33
스크랩 조회 217 추천 1 댓글 0",1,217,2025.07.03 13:41:33,https://gall.dcinside.com/mgallery/board/view/?id=cheongbbak&no=2336&page=5
2334,,섹시댄스,"여중 여고 댄스공연  => 라인schooldance 텔레schdance 
130개?넘게 있는듯


1


2


3


4


5


6


7","청갤러(124.55) 2025.07.03 09:24:54
스크랩 조회 488 추천 0 댓글 2",0,488,2025.07.03 09:24:54,https://gall.dcinside.com/mgallery/board/view/?id=cheongbbak&no=2334&page=5
2332,,이거 어디서봤나 했는데ㅋㅋㅋㅋ,우리학교 2학년 한새끼 떠오르노?ㅋㅋㅋㅋ,"ㅇㅇ(1.246) 2025.07.02 20:28:38
스크랩 조회 886 추천 36 댓글 6",36,886,2025.07.02 20:28:38,https://gall.dcinside.com/mgallery/board/view/?id=cheongbbak&no=2332&page=5
2325,,게이들아 할카스 맛좀볼까?,다음번에 내가돌아오면 그떈 할카스다,"청갤러(49.173) 2025.07.01 22:22:50
스크랩 조회 505 추천 1 댓글 3",1,505,2025.07.01 22:22:50,https://gall.dcinside.com/mgallery/board/view/?id=cheongbbak&no=2325&page=5
2324,,하앙 가버려엇!,,"청갤러(49.173) 2025.07.01 22:04:46
스크랩 조회 645 추천 5 댓글 6",5,645,2025.07.01 22:04:46,https://gall.dcinside.com/mgallery/board/view/?id=cheongbbak&no=2324&page=5
2322,,영독작 본문 수 감당 안되면 개추 ㅋㅋㅋ,"그래서 올해부터 계속 던지는중이면 개추 ㅋㅋㅋㅋㅋㅋ
- dc official App","ㅇㅇ(118.235) 2025.07.01 18:36:58
스크랩 조회 307 추천 1 댓글 1",1,307,2025.07.01 18:36:58,https://gall.dcinside.com/mgallery/board/view/?id=cheongbbak&no=2322&page=5
2321,,이새끼 몇학년이냐,"키 160 언저리에 맨날 헤드폰 끼고다니는 새끼
2학년이냐 3학년이냐","청갤러(112.72) 2025.06.30 17:09:19
스크랩 조회 614 추천 0 댓글 3",0,614,2025.06.30 17:09:19,https://gall.dcinside.com/mgallery/board/view/?id=cheongbbak&no=2321&page=5
2318,,3학년 7반에서 시험보는 애들은 수고해라,거기 가면 틱장@애마냥 고개 처 흔드고 ㅈ같은소리내는 ㅈ같이 생긴 안경쓴 개뚱땡이가 시험 방해한다,"청갤러(211.36) 2025.06.30 13:20:27
스크랩 조회 459 추천 2 댓글 4",2,459,2025.06.30 13:20:27,https://gall.dcinside.com/mgallery/board/view/?id=cheongbbak&no=2318&page=5
2317,,형 다닐때는 머리 무조건 빡빡 밀고 다녀야 했는데,요즘 많이 좋아졌구나,"ㅇㅇ(175.196) 2025.06.29 08:49:31
스크랩 조회 249 추천 0 댓글 2",0,249,2025.06.29 08:49:31,https://gall.dcinside.com/mgallery/board/view/?id=cheongbbak&no=2317&page=5
2316,,씻는법,"머리 감기

1. 머리의 장신구 등을 제거해줍니다.

2. 목욕 의자에 앉아 머리를 감겨줍니다.

3. 편안하고 안정된 상태로 목욕 의자에 앉아, 가능한 앞 쪽으로 머리를 숙이게 합니다.

4. 35도 정도의 따뜻한 물로 머리를 적십니다.

5. 소량의 샴푸를 덜어 머리와 두피를 손톱이 아닌 손가락 끝으로 마사지한 후 헹구어줍니다.

6. 린스를 한 후 따뜻한 물로 충분히 헹구어줍니다.

몸 씻기

1. 목욕 수건에 비누를 묻혀 얼굴을 닦아줍니다.

2. 목욕 수건에 비누를 묻혀 몸을 닦아줍니다.

3. 얼굴에서 목, 가슴과 등, 손을 닦고 엉덩이와 다리, 발가락 사이와 발바닥도 세심하게 닦아줍니다.

헹구기

1. 수건을 벗기고 따뜻한 물로 머리부터 아래 방향으로 비눗기를 씻어냅니다.

2. 미끄러지지 않도록 바닥에 남은 비눗물도 잘 씻어냅니다.

물기 닦기

3. 머리카락은 전체를 감싼 후 두드리듯이 닦고 다른 수건으로 몸을 닦아줍니다.
- dc official App","ㅇㅇ(118.235) 2025.06.27 22:46:20
스크랩 조회 405 추천 0 댓글 3",0,405,2025.06.27 22:46:20,https://gall.dcinside.com/mgallery/board/view/?id=cheongbbak&no=2316&page=5
2315,,3학년 7반,Sky민혁 ㅈ같은 소리 내고 버튜버 보면서 처 웃는거 뺨 ㅈㄴ 때리고 싶다,"청갤러(123.142) 2025.06.27 14:56:11
스크랩 조회 634 추천 10 댓글 7",10,634,2025.06.27 14:56:11,https://gall.dcinside.com/mgallery/board/view/?id=cheongbbak&no=2315&page=5
2313,,하다못해 남의 교과서 뽀려가는건 뭔 심보냐,"아무리 좀도둑 청빡고라고 해도 그렇지 이게 뭐냐 지금?

실수로 가져간거라면 책임의식 가져서 학번 이름 보고 제 때 돌려놓을것이지 굳이 책상속에 있는거 딱 한권 가져가고 뭐하는거냐 지금? 시험이 다음주인데 장난함?","모모코 2025.06.26 09:17:39
스크랩 조회 339 추천 1 댓글 3",1,339,2025.06.26 09:17:39,https://gall.dcinside.com/mgallery/board/view/?id=cheongbbak&no=2313&page=6
2312,,수시 꿀통이라고 누가 그랬냐,수행평가하고 보고서가 안끝나요 시~~발,"청갤러(220.125) 2025.06.19 22:46:20
스크랩 조회 420 추천 3 댓글 1",3,420,2025.06.19 22:46:20,https://gall.dcinside.com/mgallery/board/view/?id=cheongbbak&no=2312&page=6
2311,,화작 재시험 시발,"누가 찌른거냐 ㅅㅂ 재시험 시발
- dc official App","ㅇㅇ(211.234) 2025.06.18 17:38:47
스크랩 조회 386 추천 0 댓글 3",0,386,2025.06.18 17:38:47,https://gall.dcinside.com/mgallery/board/view/?id=cheongbbak&no=2311&page=6
2309,,요즘 날씨,왜케 더운거냐 진짜 쪄죽겠네,"우정학사휴지도둑(1.246) 2025.06.09 22:29:22
스크랩 조회 270 추천 1 댓글 0",1,270,2025.06.09 22:29:22,https://gall.dcinside.com/mgallery/board/view/?id=cheongbbak&no=2309&page=6
2308,,모고보는데,내 옆자리(kick) 자꾸 응. 아잇. 어. ㅅㅂ아임뚜렛이냐 이딴 소리는 왜 자꾸 처 내는거냐 30초마다,"청갤러(211.36) 2025.06.05 00:46:37
스크랩 조회 415 추천 4 댓글 1",4,415,2025.06.05 00:46:37,https://gall.dcinside.com/mgallery/board/view/?id=cheongbbak&no=2308&page=6
2307,,이번 모의고사 등급컷 말 안되는거 같으면 ㄱㅊ,ㅈㄱㄴ,"우정학사휴지도둑(1.246) 2025.06.04 23:08:46
스크랩 조회 394 추천 7 댓글 1",7,394,2025.06.04 23:08:46,https://gall.dcinside.com/mgallery/board/view/?id=cheongbbak&no=2307&page=6
2306,,노무현 노무현 노무현 노무현 예아 응디 딱딱딱딱,흔들어라 이기야,"청갤러(211.168) 2025.06.04 22:56:55
스크랩 조회 523 추천 8 댓글 3",8,523,2025.06.04 22:56:55,https://gall.dcinside.com/mgallery/board/view/?id=cheongbbak&no=2306&page=6
2305,,3학년 7반,"킥드럼베이스 제발 사문시간에 혼자 이상한 노래좀 그만불러라
옆에서 듣는데 졷같다 ㅋㅋ
- dc official App","ㅇㅇ(123.142) 2025.06.02 17:53:31
스크랩 조회 712 추천 13 댓글 2",13,712,2025.06.02 17:53:31,https://gall.dcinside.com/mgallery/board/view/?id=cheongbbak&no=2305&page=6
2304,,3학년 8반,이X민 돼지새끼 정시한다면서 맨날 쳐자기만 하는데 해봤자 어차피 청대임 ㅂㅅ이 ㅈ같아서 뺨 좀 쳐줄라했는데 ㅈ같이 생긴 얼굴에서 역겨운 기름 묻을까봐 참는다 깝치지좀 마라,"청갤러(123.142) 2025.06.02 15:18:35
스크랩 조회 783 추천 24 댓글 2",24,783,2025.06.02 15:18:35,https://gall.dcinside.com/mgallery/board/view/?id=cheongbbak&no=2304&page=6
2302,,와산나가 뭐임??,ㅈㄱㄴ,"청갤러(222.116) 2025.05.31 10:29:57
스크랩 조회 402 추천 1 댓글 1",1,402,2025.05.31 10:29:57,https://gall.dcinside.com/mgallery/board/view/?id=cheongbbak&no=2302&page=6
2301,,학교에 불났다,"도망가야해서 질문 못받는다
- dc official App","청갤러(123.142) 2025.05.29 17:05:41
스크랩 조회 430 추천 1 댓글 2",1,430,2025.05.29 17:05:41,https://gall.dcinside.com/mgallery/board/view/?id=cheongbbak&no=2301&page=6
2299,,교감 연내 교체,"교무실 모 쌤 펌임
교감 연내 교체함
- dc official App","ㅇㅇ(223.39) 2025.05.28 18:25:08
스크랩 조회 295 추천 0 댓글 0",0,295,2025.05.28 18:25:08,https://gall.dcinside.com/mgallery/board/view/?id=cheongbbak&no=2299&page=6
2298,,3학년 7반,스카이민X혁 이새끼 옆에서 혼잣말로 중얼거리고 혼자 처웃고 이상한소리 30초마다 계속내고 진짜 죽여버리고싶다.,"청갤러(104.28) 2025.05.28 09:16:56
스크랩 조회 652 추천 15 댓글 5",15,652,2025.05.28 09:16:56,https://gall.dcinside.com/mgallery/board/view/?id=cheongbbak&no=2298&page=6
2297,,2025/05/27 급식,"[중식]
차조밥
크림스파게티
육개장
돈육계란장조림
양념깻잎지
아이스홍시
희망우유

[석식]
녹차카테킨쌀밥
들깨무채국
청경채오이무침
수랏간함박*버블새우+소스
배추김치
멜론
- dc official App","ㅇㅇ 2025.05.27 10:31:03
스크랩 조회 208 추천 0 댓글 1",0,208,2025.05.27 10:31:03,https://gall.dcinside.com/mgallery/board/view/?id=cheongbbak&no=2297&page=6
2296,,2025/05/26 급식,"[중식]
홍국쌀밥
도토리묵채국
베이컨감자채볶음
순살레몬파닭
총각김치
파인애플
희망우유

[석식]
잡곡밥
쇠고기두부탕국
고추장갈비찜
호박(호박)야채전+양념장
배추김치
꿀토마토
양념류

- dc official App","급식년(123.142) 2025.05.26 09:29:10
스크랩 조회 101 추천 0 댓글 0",0,101,2025.05.26 09:29:10,https://gall.dcinside.com/mgallery/board/view/?id=cheongbbak&no=2296&page=6
2295,,3학년에 킥드럼베이스 ㄴㄱ?,"킥드럼베이스가 ㄴㄱ말하는거임
- dc official App","ㅇㅇ(104.245) 2025.05.23 01:15:30
스크랩 조회 503 추천 1 댓글 3",1,503,2025.05.23 01:15:30,https://gall.dcinside.com/mgallery/board/view/?id=cheongbbak&no=2295&page=6
2293,,2025/05/20 급식,"[중식]
연잎쌀밥
꼬물이만두국
올방개묵김가루무침
치즈닭갈비
배추김치
수박마카롱
희망우유

[석식]
오색현미쌀밥
동태찌개
쁘띠등심돈까스+참깨소스
콘치즈구이
총각김치
골드키위
- dc official App","급식년(123.142) 2025.05.20 09:38:01
스크랩 조회 118 추천 0 댓글 0",0,118,2025.05.20 09:38:01,https://gall.dcinside.com/mgallery/board/view/?id=cheongbbak&no=2293&page=6
2292,,2025/05/19 급식,"[중식]
버섯카로틴쌀밥
시래기된장국
마늘족발
무말랭이무침
진미채고추장볶음
참외
희망우유
양념류

[석식]
흑미밥
돈육감자국
애호박새우젓볶음
열탄오리불고기/파채
배추김치
딸기요거트
- dc official App","급식년(123.142) 2025.05.19 09:27:40
스크랩 조회 111 추천 0 댓글 0",0,111,2025.05.19 09:27:40,https://gall.dcinside.com/mgallery/board/view/?id=cheongbbak&no=2292&page=6
2291,,여름되기 전에 경고하는데 좀 씻고와라,전날밤 씻었다 이지랄 하지말고 에어컨 하루종일 틀어놓고 환기도 안시킬거 다 아니까 제발 좀 씻고와라,"ㅇㅇ 2025.05.17 17:22:52
스크랩 조회 385 추천 0 댓글 2",0,385,2025.05.17 17:22:52,https://gall.dcinside.com/mgallery/board/view/?id=cheongbbak&no=2291&page=6
2290,,2025/05/16 급식 (체육대회2),"[중식]
단호박카레라이스
심쿵버거
가쓰오부시장국
배추김치
딸바라떼

[석식] - 학사
장어덮밥
대파크림치즈파이
맑은장국
배추김치
오미자믹스피클
방울토마토
- dc official App","급식년(123.142) 2025.05.16 08:13:24
스크랩 조회 181 추천 3 댓글 0",3,181,2025.05.16 08:13:24,https://gall.dcinside.com/mgallery/board/view/?id=cheongbbak&no=2290&page=6
2289,,나 김민찬인데,2학년 김민찬 말하는거냐?,"청갤러(211.119) 2025.05.15 21:01:23
스크랩 조회 479 추천 1 댓글 1",1,479,2025.05.15 21:01:23,https://gall.dcinside.com/mgallery/board/view/?id=cheongbbak&no=2289&page=6
2288,,아니 ㅆㅂ,"아니 ㅆㅂ 청석고 개 병신 버러지 학교
체육대회 이거 맞냐? 역대급 개노잼에 새로 생긴 좇같은 규정 있는 거 맘에 안 드네","몰수패(211.36) 2025.05.15 15:04:11
스크랩 조회 321 추천 0 댓글 1",0,321,2025.05.15 15:04:11,https://gall.dcinside.com/mgallery/board/view/?id=cheongbbak&no=2288&page=6
2287,,체육대회)))) 역대급 병신같으면 개추 ㅋㅋㅋㅋㅋㅋㅋㅋ,"작년까지도 중복출전 다 됐는데
이번에 갑자기 규칙 바꾸더만
몰수패로 못하는 애들
부전승으로 결승가고 그러네
자기가 좋아하는 애들 우승시켜주려고 체육대회 연거냐?","청갤러(211.235) 2025.05.15 15:02:14
스크랩 조회 595 추천 4 댓글 1",4,595,2025.05.15 15:02:14,https://gall.dcinside.com/mgallery/board/view/?id=cheongbbak&no=2287&page=6
2286,,오늘 체육대회,"노래 하나같이 다 ㅈ같으면 개추 ㅋㅋ
- dc official App","청갤러(211.36) 2025.05.15 14:36:12
스크랩 조회 305 추천 2 댓글 1",2,305,2025.05.15 14:36:12,https://gall.dcinside.com/mgallery/board/view/?id=cheongbbak&no=2286&page=6
2285,,와산나 깝치지미,와산나,"청갤러(123.142) 2025.05.14 09:10:13
스크랩 조회 320 추천 3 댓글 1",3,320,2025.05.14 09:10:13,https://gall.dcinside.com/mgallery/board/view/?id=cheongbbak&no=2285&page=6
2284,,윤형준 기억 나는사람 있냐,1학년때 학사 같이 있었는데 공부는 못해도 재밌는 친구 였는데 왜 사라졌냐…………..,"우정학사휴지도둑(211.235) 2025.05.13 20:36:34
스크랩 조회 409 추천 1 댓글 2",1,409,2025.05.13 20:36:34,https://gall.dcinside.com/mgallery/board/view/?id=cheongbbak&no=2284&page=6
2283,,2025/05/08 급식,"[청석고등학교] 2025-05-08(목)

[중식]
칼슘쌀밥
크림수프+크루통
치커리사과무침
고구마치즈돈까스*스마일감자+소스
배추김치
거꾸로먹는야쿠르트

[석식]-1, 2학년만
차조밥
들기름막국수
삼색수제비국
돼지순살바베큐+파채무침
배추김치
파인애플

- dc official App","급식년(123.142) 2025.05.08 11:31:21
스크랩 조회 237 추천 2 댓글 1",2,237,2025.05.08 11:31:21,https://gall.dcinside.com/mgallery/board/view/?id=cheongbbak&no=2283&page=6
2282,,3학년중에 키크고 탈모인 새끼 뭐냐?,복도에서 가끔 마주치는데 발음 최홍만 같은 사람 있는데 누구임? 키 ㅈㄴ 크고 탈모 있음 볼 앵그리버드마냥 ㅈㄴ 빨간새기 아는사람 댓 ㄱㄱ,"ㅇㅇ(219.254) 2025.05.07 23:09:08
스크랩 조회 736 추천 3 댓글 10",3,736,2025.05.07 23:09:08,https://gall.dcinside.com/mgallery/board/view/?id=cheongbbak&no=2282&page=6
2281,,상당고,다들어와라 청빡이들아,"프딸 2025.05.07 21:52:24
스크랩 조회 527 추천 1 댓글 4",1,527,2025.05.07 21:52:24,https://gall.dcinside.com/mgallery/board/view/?id=cheongbbak&no=2281&page=6
2280,,민찬이 누군데 갤 ㅈ창난거냐,ㅈㄱㄴ,"다크나이트(123.142) 2025.05.07 15:48:06
스크랩 조회 441 추천 1 댓글 3",1,441,2025.05.07 15:48:06,https://gall.dcinside.com/mgallery/board/view/?id=cheongbbak&no=2280&page=6
2279,,???: 턱 수술 좀 할까..,진짜 좆됐네,"청석고스켈레톤(123.142) 2025.05.07 14:15:55
스크랩 조회 781 추천 10 댓글 5",10,781,2025.05.07 14:15:55,https://gall.dcinside.com/mgallery/board/view/?id=cheongbbak&no=2279&page=6
2277,,2025/05/07 급식,"[중식]
열무보리비빔밥
쿠키앤크림슈
콩가루애배추국
바삭고기만두
배추김치
골드키위
희망우유

[석식]
강황쌀밥
순두부찌개
당면부추볶음
닭봉데리야끼
총각김치
참외

- dc official App","급식년(123.142) 2025.05.07 09:34:12
스크랩 조회 162 추천 2 댓글 0",2,162,2025.05.07 09:34:12,https://gall.dcinside.com/mgallery/board/view/?id=cheongbbak&no=2277&page=6
2276,,청석고 신희윤 조심해라..,임신시킨 여자만 청주에 14명이다 들리는 풍문으로는 전국에 자식이 130명 정도 있다고 하더라.. 한번에 정액 3L씩 싸는 ㅅㄲ다..,"정자왕시니윤(122.34) 2025.05.07 01:11:56
스크랩 조회 682 추천 6 댓글 3",6,682,2025.05.07 01:11:56,https://gall.dcinside.com/mgallery/board/view/?id=cheongbbak&no=2276&page=6
2275,,청석고 김민찬 조심해라..,내 친구 청석고인데 복도에서 민찬이 턱이랑 부딪혔다가 얼굴 찢어져서 수술했다,"커터칼민찬턱(121.191) 2025.05.06 23:11:21
스크랩 조회 522 추천 2 댓글 2",2,522,2025.05.06 23:11:21,https://gall.dcinside.com/mgallery/board/view/?id=cheongbbak&no=2275&page=6
2274,,내가 찐이다 사각턱민찬아,.,"육각턱민찬(121.191) 2025.05.06 22:55:23
스크랩 조회 257 추천 1 댓글 0",1,257,2025.05.06 22:55:23,https://gall.dcinside.com/mgallery/board/view/?id=cheongbbak&no=2274&page=6
2273,,상윤이새끼 까부네,나랑 ㄱㄱ,"사각턱민찬(123.142) 2025.04.30 21:30:13
스크랩 조회 369 추천 1 댓글 1",1,369,2025.04.30 21:30:13,https://gall.dcinside.com/mgallery/board/view/?id=cheongbbak&no=2273&page=6
2272,,ㅂㅅ들,맞짱뜨자 씨발,"뚱상윤(123.142) 2025.04.30 21:29:45
스크랩 조회 285 추천 1 댓글 0",1,285,2025.04.30 21:29:45,https://gall.dcinside.com/mgallery/board/view/?id=cheongbbak&no=2272&page=6
2271,,2학년 국어쌤 이쁘지않노?,"ㅇㅈ?
- dc official App","청갤러(211.36) 2025.04.29 13:06:19
스크랩 조회 801 추천 2 댓글 1",2,801,2025.04.29 13:06:19,https://gall.dcinside.com/mgallery/board/view/?id=cheongbbak&no=2271&page=6
2270,,이번 수학1 좃같으면 개추,"ㅈㄱㄴ
- dc official App","청갤러(211.36) 2025.04.29 13:04:23
스크랩 조회 467 추천 6 댓글 0",6,467,2025.04.29 13:04:23,https://gall.dcinside.com/mgallery/board/view/?id=cheongbbak&no=2270&page=6
2267,,자살,2학년 물리 1등이 70점대,"청갤러(123.142) 2025.04.28 14:06:16
스크랩 조회 414 추천 0 댓글 2",0,414,2025.04.28 14:06:16,https://gall.dcinside.com/mgallery/board/view/?id=cheongbbak&no=2267&page=6
2266,,점심시간에,"그 밥먹으려고 줄 설때 쌤들 중간에 끼는건 이해 하는데 1, 2 학년 선식 애들은 뭐냐 ㅅㅂ 무슨 지들이 검찰청마냥 영장 나온듯이 선식이요 ㅇㅈㄹ 하면서 새치기 하는거 ㅈ같다 진짜","우정학사휴지도둑(1.246) 2025.04.27 00:32:41
스크랩 조회 669 추천 15 댓글 7",15,669,2025.04.27 00:32:41,https://gall.dcinside.com/mgallery/board/view/?id=cheongbbak&no=2266&page=6
2265,,사복,사복 왜 못입게 하는겨 교복은 존나 불편하고 생활복 안예뻐서 입기 싫은데 학교 진짜 말 안되네,"우정학사휴지도둑(104.28) 2025.04.21 18:11:51
스크랩 조회 563 추천 5 댓글 2",5,563,2025.04.21 18:11:51,https://gall.dcinside.com/mgallery/board/view/?id=cheongbbak&no=2265&page=6
2264,,미술,"미창쌤이랑 드로잉쌤 솔직히 이쁘면 개추
재작년 보건쌤 이후로 청석고 최고의 외모다 ㄹㅇ","우정학사휴지도둑(123.142) 2025.04.18 19:46:44
스크랩 조회 837 추천 15 댓글 7",15,837,2025.04.18 19:46:44,https://gall.dcinside.com/mgallery/board/view/?id=cheongbbak&no=2264&page=6
2263,,여기 디시에 인증한 쌤 생각나노,"그때 ㅈㄴ 웃겼는데

완장 달라한 과학쌤이랑","청갤러(118.235) 2025.04.18 09:48:28
스크랩 조회 589 추천 2 댓글 1",2,589,2025.04.18 09:48:28,https://gall.dcinside.com/mgallery/board/view/?id=cheongbbak&no=2263&page=6
2262,,한화 빠는 쌤 누구임?,"ㅈㄱㄴ
- dc official App","ㅇㅇ(223.39) 2025.04.16 01:00:59
스크랩 조회 541 추천 1 댓글 2",1,541,2025.04.16 01:00:59,https://gall.dcinside.com/mgallery/board/view/?id=cheongbbak&no=2262&page=6
2261,,누가 더 유명함 손흥민 BTS,- dc official App,"디바(59.28) 2025.04.13 12:46:08
스크랩 조회 325 추천 0 댓글 1",0,325,2025.04.13 12:46:08,https://gall.dcinside.com/mgallery/board/view/?id=cheongbbak&no=2261&page=6
2260,,장원이 근황 아는 사람 있냐?,"몇 년전에 졸업해서 궁금함
- dc official App","청갤러(106.101) 2025.04.12 18:55:51
스크랩 조회 475 추천 0 댓글 1",0,475,2025.04.12 18:55:51,https://gall.dcinside.com/mgallery/board/view/?id=cheongbbak&no=2260&page=6
2259,,안녕하세용,ㅇ라ㅣㅁㄴ혼임;ㅏ혼아ㅣ하ㅣㅎ니;ㅏ니,"청붕이(123.142) 2025.04.11 15:17:43
스크랩 조회 201 추천 0 댓글 0",0,201,2025.04.11 15:17:43,https://gall.dcinside.com/mgallery/board/view/?id=cheongbbak&no=2259&page=6
2257,,나 게이인데,"게이인 새끼들은 여기와라
2학년에 귀여운애 개많다 ㄹㅇ
- dc official App","청갤러(123.142) 2025.04.02 15:06:29
스크랩 조회 587 추천 2 댓글 2",2,587,2025.04.02 15:06:29,https://gall.dcinside.com/mgallery/board/view/?id=cheongbbak&no=2257&page=6
2256,,여기 학사생 있냐,학사는 ㄸ어케침? 진짜 궁금해서 그럼,"청갤러(175.116) 2025.03.30 15:58:46
스크랩 조회 501 추천 1 댓글 3",1,501,2025.03.30 15:58:46,https://gall.dcinside.com/mgallery/board/view/?id=cheongbbak&no=2256&page=6
2255,,석식 얼마임?,기억이 안나네,"ㅇㅇ 2025.03.30 15:54:57
스크랩 조회 328 추천 0 댓글 1",0,328,2025.03.30 15:54:57,https://gall.dcinside.com/mgallery/board/view/?id=cheongbbak&no=2255&page=7
2254,,청석고,운호고,"청갤러(211.169) 2025.03.29 01:40:24
스크랩 조회 325 추천 0 댓글 0",0,325,2025.03.29 01:40:24,https://gall.dcinside.com/mgallery/board/view/?id=cheongbbak&no=2254&page=7
2253,,모의고사,평가원 안묻어서 망했으면 개추 일단 나부터 ㅠㅠ 학사 잘리기 직전이다 ㄹㅇ,"우정학사휴지도둑(1.246) 2025.03.27 00:28:00
스크랩 조회 486 추천 7 댓글 1",7,486,2025.03.27 00:28:00,https://gall.dcinside.com/mgallery/board/view/?id=cheongbbak&no=2253&page=7
2252,,진지하게 우리 학교 급식 맛있냐?,쌤들이 다 존나 맛있다고 지랄하는데 내 입맛이 이상한거냐,"청갤러(175.116) 2025.03.22 01:04:44
스크랩 조회 508 추천 2 댓글 6",2,508,2025.03.22 01:04:44,https://gall.dcinside.com/mgallery/board/view/?id=cheongbbak&no=2252&page=7
2250,,1학년 입겔,ㅅㅂ 야자하느랴 질문 못받는다,"청갤러(123.142) 2025.03.14 18:03:46
스크랩 조회 370 추천 0 댓글 0",0,370,2025.03.14 18:03:46,https://gall.dcinside.com/mgallery/board/view/?id=cheongbbak&no=2250&page=7
2249,,화법과 작문,아니 김지은쌤 화작 말고 언매한다며 왜 화작 김지은쌤이냐;,"우정학사휴지도둑(1.246) 2025.03.02 05:06:09
스크랩 조회 841 추천 5 댓글 3",5,841,2025.03.02 05:06:09,https://gall.dcinside.com/mgallery/board/view/?id=cheongbbak&no=2249&page=7
2248,,윤두창 이 애미뒤진 씨발새끼,아,"ㅇㅇ(118.235) 2025.02.28 21:31:10
스크랩 조회 675 추천 2 댓글 2",2,675,2025.02.28 21:31:10,https://gall.dcinside.com/mgallery/board/view/?id=cheongbbak&no=2248&page=7
2247,,요새 기숙사 일정이 어캐되냐,"금요일 밤에 나와서 일요일 저녁에 들여오냐?
- dc official App","청갤러(1.246) 2025.02.28 14:30:57
스크랩 조회 305 추천 0 댓글 2",0,305,2025.02.28 14:30:57,https://gall.dcinside.com/mgallery/board/view/?id=cheongbbak&no=2247&page=7
2246,,청석고 이과 문과 선생님 차별있나요??,궁금합니다,"청갤러(211.59) 2025.02.26 14:26:15
스크랩 조회 582 추천 1 댓글 2",1,582,2025.02.26 14:26:15,https://gall.dcinside.com/mgallery/board/view/?id=cheongbbak&no=2246&page=7
2245,,청석고 한학년당 씨름부 몇명정도 있음??,ㅇㅇ,"청갤러(211.59) 2025.02.24 02:05:53
스크랩 조회 360 추천 0 댓글 2",0,360,2025.02.24 02:05:53,https://gall.dcinside.com/mgallery/board/view/?id=cheongbbak&no=2245&page=7
2243,,청붕이들 노래 추천 하고 가라,내가 듣고 청평 딱 정해줌 ㅇㅇ,"청갤러(222.116) 2025.02.14 17:36:53
스크랩 조회 391 추천 1 댓글 2",1,391,2025.02.14 17:36:53,https://gall.dcinside.com/mgallery/board/view/?id=cheongbbak&no=2243&page=7
2240,,청석고 올해 입학인데 떨리네,벌써 남친 사귈 생각에 떨림...,"청갤러(1.246) 2025.02.09 03:53:47
스크랩 조회 714 추천 1 댓글 3",1,714,2025.02.09 03:53:47,https://gall.dcinside.com/mgallery/board/view/?id=cheongbbak&no=2240&page=7
2239,,졸업 축하,잘 살아라,"청갤러(117.111) 2025.02.07 17:01:10
스크랩 조회 414 추천 1 댓글 0",1,414,2025.02.07 17:01:10,https://gall.dcinside.com/mgallery/board/view/?id=cheongbbak&no=2239&page=7
2238,,이 학교 언제 망하냐,"7교시하는것도 좆같은데 급식도 창렬이네
- dc official App","청갤러(106.101) 2025.02.04 12:57:29
스크랩 조회 501 추천 0 댓글 2",0,501,2025.02.04 12:57:29,https://gall.dcinside.com/mgallery/board/view/?id=cheongbbak&no=2238&page=7
2237,,특성화고 편입 언제 가능함?,"율량동 사는데 통학 좆같아서
청공 편입하려는데 언제뜸?","청갤러(118.46) 2025.01.21 03:00:12
스크랩 조회 513 추천 0 댓글 3",0,513,2025.01.21 03:00:12,https://gall.dcinside.com/mgallery/board/view/?id=cheongbbak&no=2237&page=7
2236,,이거 디시 선생님들이 다 본다,나도 선생이 알려줘서 알게됌 ㅇㅇ,"ㅇㅇ(118.235) 2025.01.19 00:47:02
스크랩 조회 891 추천 0 댓글 3",0,891,2025.01.19 00:47:02,https://gall.dcinside.com/mgallery/board/view/?id=cheongbbak&no=2236&page=7
2235,,청석고 밴드부 실력 어떰?,"입학하고 베이스로 지원할건데 ㄱㅊ?
부실 크기 어떰?","벅지핥기장애인(211.119) 2025.01.17 16:25:16
스크랩 조회 639 추천 0 댓글 2",0,639,2025.01.17 16:25:16,https://gall.dcinside.com/mgallery/board/view/?id=cheongbbak&no=2235&page=7
2234,,10년도 전에 졸업했는데 이 학교 망했냐?,그래도 한 10년정도 전엔 나름 명문소리 들었었는데 말이지,"청갤러(69.122) 2025.01.16 14:29:42
스크랩 조회 519 추천 0 댓글 2",0,519,2025.01.16 14:29:42,https://gall.dcinside.com/mgallery/board/view/?id=cheongbbak&no=2234&page=7
2233,,청석 내신따기 빡센가요??,ㅈㄱㄴ,"청갤러(211.59) 2025.01.05 22:45:12
스크랩 조회 692 추천 0 댓글 1",0,692,2025.01.05 22:45:12,https://gall.dcinside.com/mgallery/board/view/?id=cheongbbak&no=2233&page=7
2232,,청석고 시험 많이 어렵나요?,"영어 수행평가를 모의고사로 본다는데 사실인가요?
궁금합니다","날쌘다람쥐(222.116) 2025.01.05 22:25:47
스크랩 조회 675 추천 0 댓글 3",0,675,2025.01.05 22:25:47,https://gall.dcinside.com/mgallery/board/view/?id=cheongbbak&no=2232&page=7
2230,,서울대 7명이라고 난리났네,"흠...
- dc official App","란초 2024.12.27 18:17:11
스크랩 조회 1183 추천 0 댓글 4",0,1183,2024.12.27 18:17:11,https://gall.dcinside.com/mgallery/board/view/?id=cheongbbak&no=2230&page=7
2229,,ㅋㅋㅋㅋ 나팸 자전거 부대 참교육,"나 2학년 대장인데 메티 들어갈라니까 자전거 빽빽하게 쳐 세워놓는 나팸 비응신들아 나이가 몇갠데 아직도 따릉이 타고 다니냐? 한번 더 좆같이 세워 놓으면 싹다 부실라니까 이제 침 뱉는걸로 안 끝난다? 마지막 경고다 수능최저도 못 맞추는 나팸 따까리 쉐이들아
- dc official App","청갤러(211.59) 2024.12.21 21:49:03
스크랩 조회 794 추천 4 댓글 4",4,794,2024.12.21 21:49:03,https://gall.dcinside.com/mgallery/board/view/?id=cheongbbak&no=2229&page=7
2227,,26수능 선택과목 꿀팁,"1. 국어

자기가 최저 맞춰야하는 수시다—> 무조건 화작하셈
자기가 현역 정시다—> 화작하셈

2.수학 

자기가 3학년 내신을 챙긴다—> 미적하셈
자기가 정시인데 미적 노베이다 —> 기하해라(ㄹㅇ 개꿀통)

3.탐구 

자기가 최저러다—> 사탐하셈
자기가 과탐 필수 응시인 최저러다—> 탐구 버리셈
자기가 정시이다—> 사탐하셈

- dc official App","Irvine 2024.12.14 15:48:02
스크랩 조회 962 추천 2 댓글 5",2,962,2024.12.14 15:48:02,https://gall.dcinside.com/mgallery/board/view/?id=cheongbbak&no=2227&page=7
2226,,남자친구와 영화관 데이트❤+❤+,- dc official App,"ㅇㅇ(118.235) 2024.12.13 18:40:53
스크랩 조회 972 추천 2 댓글 1",2,972,2024.12.13 18:40:53,https://gall.dcinside.com/mgallery/board/view/?id=cheongbbak&no=2226&page=7
2225,,니들 여기 주딱 정체 누군지는 알고 글싸는거냐?,"진짜 니내 좆된다 그러다 특히 재학생들
- dc official App","ㅇㅇ(118.235) 2024.12.13 18:31:32
스크랩 조회 726 추천 0 댓글 2",0,726,2024.12.13 18:31:32,https://gall.dcinside.com/mgallery/board/view/?id=cheongbbak&no=2225&page=7
2224,,이거 문장이 이해가 안되는데 정상임?,"해석좀 해줘바
한국어로 써놔도 모르겠노","청갤러(222.116) 2024.12.10 00:14:43
스크랩 조회 609 추천 0 댓글 1",0,609,2024.12.10 00:14:43,https://gall.dcinside.com/mgallery/board/view/?id=cheongbbak&no=2224&page=7
2223,,교감선생님,^ㅣ발 가발 벗기고 싶네 왜 고3 학교에 쳐 잡아놓는거야 ㅈ같게,"청갤러(125.181) 2024.12.09 21:13:15
스크랩 조회 860 추천 6 댓글 2",6,860,2024.12.09 21:13:15,https://gall.dcinside.com/mgallery/board/view/?id=cheongbbak&no=2223&page=7
2222,,과외받으실 분,"12월 1월 동안 집중적으로 성적 올려드림

수학 (국어 영어도 가능하긴 함)

과외 7년 차

기타 모든 사항 문의 가능

장난 x 진짜임
- dc official App","란초 2024.12.09 20:41:50
스크랩 조회 772 추천 0 댓글 11",0,772,2024.12.09 20:41:50,https://gall.dcinside.com/mgallery/board/view/?id=cheongbbak&no=2222&page=7
2221,,2학년7반 돼지새끼,2학년7반 안경쓴 돼지새끼야 급식실에서 깝치고다니는데 돼지두루치기 ㅈㄴ마려우니까 깝싸지말고 눈 착하게 뜨고다녀라,"청갤러(118.221) 2024.12.08 23:54:14
스크랩 조회 824 추천 2 댓글 2",2,824,2024.12.08 23:54:14,https://gall.dcinside.com/mgallery/board/view/?id=cheongbbak&no=2221&page=7
2219,,급식실에서 맨발로 다니는 새끼 누구냐,지나가다 쓱 봤는데 어떤 안경 쓰고 외소한 새끼 맨발로 다니는데 뭐 괴롭힘 당해서 신발 뺏긴거냐? 그런거면 이거보고 연락해라 형이 혼내준다. 근데 보니까 뭐 혼자 허공에 복싱질이랑 스텝 밟던데 뭐 안지켜줘도 되나?,"청갤러(121.188) 2024.12.07 23:11:22
스크랩 조회 671 추천 0 댓글 2",0,671,2024.12.07 23:11:22,https://gall.dcinside.com/mgallery/board/view/?id=cheongbbak&no=2219&page=7
2218,,요즘은 장애인 같은 글 쓰면 념글가노,완장 게이야 관리 좀 해라,"ㅇㅇ(118.235) 2024.12.07 11:34:37
스크랩 조회 488 추천 0 댓글 3",0,488,2024.12.07 11:34:37,https://gall.dcinside.com/mgallery/board/view/?id=cheongbbak&no=2218&page=7
2217,,??,이학교 뭐임?,"청갤러(222.236) 2024.12.06 22:15:18
스크랩 조회 291 추천 0 댓글 0",0,291,2024.12.06 22:15:18,https://gall.dcinside.com/mgallery/board/view/?id=cheongbbak&no=2217&page=7
2216,,나 급식실 패드리퍼인데,본인 어제 평생 노가다나 뛰면서 허리부러질 새기한테 급식실에서 인중맞았다 ㅋㅋ 지금 고소 준비중이고 지나가다 만나면 유도부 엎어치기 갈겨준다 ㅋㅋ,"청갤러(84.16) 2024.12.06 22:14:47
스크랩 조회 1116 추천 10 댓글 5",10,1116,2024.12.06 22:14:47,https://gall.dcinside.com/mgallery/board/view/?id=cheongbbak&no=2216&page=7
2215,,현ㅂㅊ선생님 돌아가셨네,"나 1,2학년때 체육쌤이었는데… 학사있을때 자습감독도 들어오셨고 아직 30대 밖에 안되셨고 어린 딸 있으시다고 들었는데 부고소식을 오늘 들었네요 슬픈 밤입니다
- dc official App","청갤러(106.101) 2024.11.24 22:17:28
스크랩 조회 1105 추천 4 댓글 5",4,1105,2024.11.24 22:17:28,https://gall.dcinside.com/mgallery/board/view/?id=cheongbbak&no=2215&page=7
2214,,".ㅇ,ㄴ.",- dc official App,"청갤러(115.20) 2024.11.22 18:11:44
스크랩 조회 288 추천 0 댓글 0",0,288,2024.11.22 18:11:44,https://gall.dcinside.com/mgallery/board/view/?id=cheongbbak&no=2214&page=7
2213,,ㅎㅇ 청석 후장개이들아,"ㅎㅇ 다들 엉덩이는 괜찮은가? 청석에는 비데가 꼭 있어야 되겠네
- dc official App","청갤러(61.108) 2024.11.22 13:25:39
스크랩 조회 564 추천 0 댓글 1",0,564,2024.11.22 13:25:39,https://gall.dcinside.com/mgallery/board/view/?id=cheongbbak&no=2213&page=7
2211,,청석고 1지망시 1군도 경합일까요?,혹시 1군 지원시 작년 기준으로 1군 안되서 다른학교 배정된 친구들이 있는지요.  있다면 보통 어느학교로 배정되었나요?,"청갤러(211.235) 2024.11.21 10:48:37
스크랩 조회 420 추천 1 댓글 2",1,420,2024.11.21 10:48:37,https://gall.dcinside.com/mgallery/board/view/?id=cheongbbak&no=2211&page=7
2209,,내 앞 원숭이 100마리들 딱기다려라,이번 기말고사에서 다 닦아줄게,"청갤러(220.125) 2024.11.20 00:02:10
스크랩 조회 365 추천 1 댓글 0",1,365,2024.11.20 00:02:10,https://gall.dcinside.com/mgallery/board/view/?id=cheongbbak&no=2209&page=7
2208,,8월달에 온누리고 근황 물어본 사람인데,"자살했다는게 사실이냐?

갑자기 과제하다 생각나서 글 검색해보니
9/25에 청갤러1이란 애가 자살했다 댓글달아놨던데.......","청갤러(211.119) 2024.11.18 22:35:07
스크랩 조회 312 추천 0 댓글 1",0,312,2024.11.18 22:35:07,https://gall.dcinside.com/mgallery/board/view/?id=cheongbbak&no=2208&page=7
2207,,월요일 7교시가 사실임?,"할거 졷도 없는데 왜 자꾸 남기는거임?
- dc official App","청갤러(211.235) 2024.11.18 14:22:21
스크랩 조회 321 추천 0 댓글 0",0,321,2024.11.18 14:22:21,https://gall.dcinside.com/mgallery/board/view/?id=cheongbbak&no=2207&page=7
2206,,나팸에 대해,나팸 재수 ㄴㄱㄴㄱ하노?,"청갤러(112.165) 2024.11.16 17:57:42
스크랩 조회 657 추천 3 댓글 5",3,657,2024.11.16 17:57:42,https://gall.dcinside.com/mgallery/board/view/?id=cheongbbak&no=2206&page=7
2205,,수능 끝나도 늦게쳐보낸다는거 사실임?,금천고는 9시등교 3시 퇴근이라는데 ㅋㅋㅋㅋ,"청갤러(110.14) 2024.11.14 22:26:49
스크랩 조회 474 추천 0 댓글 1",0,474,2024.11.14 22:26:49,https://gall.dcinside.com/mgallery/board/view/?id=cheongbbak&no=2205&page=7
2204,,이번 수능 역사 1번 틀린새끼 있음 ㅋㅋ,병신같으면 개추 ㅋㅋ,"청갤러(58.232) 2024.11.14 19:49:04
스크랩 조회 709 추천 12 댓글 0",12,709,2024.11.14 19:49:04,https://gall.dcinside.com/mgallery/board/view/?id=cheongbbak&no=2204&page=7
2202,,아이패드 도둑 아시는분,2학년 아이패드 도둑 누군지 아냐?,"청갤러(211.235) 2024.11.01 00:23:33
스크랩 조회 663 추천 0 댓글 4",0,663,2024.11.01 00:23:33,https://gall.dcinside.com/mgallery/board/view/?id=cheongbbak&no=2202&page=7
2197,,중2입니다,"청석고 좋나요?
- dc official App","청갤러(115.20) 2024.10.12 02:34:06
스크랩 조회 605 추천 0 댓글 2",0,605,2024.10.12 02:34:06,https://gall.dcinside.com/mgallery/board/view/?id=cheongbbak&no=2197&page=7
2196,,벌써 그립읍니다...,"애국하시러 휴직 내신 분..

청석의 태양, 조*솔 선생님.


당신이 있기에 청석고는 청석고일 수 있었읍니다...

벌써 그립읍니다...


그저 G.O.A.T...","모모코 2024.10.10 00:40:10
스크랩 조회 1119 추천 20 댓글 4",20,1119,2024.10.10 00:40:10,https://gall.dcinside.com/mgallery/board/view/?id=cheongbbak&no=2196&page=7
2195,,청주IT과학고(현도정보고)로 편입와라,"이런 급식이 매일 나온다
- dc official App","이지연럽 2024.10.10 00:38:25
스크랩 조회 631 추천 3 댓글 0",3,631,2024.10.10 00:38:25,https://gall.dcinside.com/mgallery/board/view/?id=cheongbbak&no=2195&page=7
2194,,질문이 있습니다,"왜 우정학사 똥칸 사이에는 구멍이 뚫려있는 건가요?
- dc official App","청갤러(61.108) 2024.10.08 09:05:16
스크랩 조회 302 추천 0 댓글 0",0,302,2024.10.08 09:05:16,https://gall.dcinside.com/mgallery/board/view/?id=cheongbbak&no=2194&page=7
2193,,청빡고 흡연검사 자주함?,ㅇㅇ,"청갤러(223.39) 2024.10.07 22:21:27
스크랩 조회 667 추천 0 댓글 2",0,667,2024.10.07 22:21:27,https://gall.dcinside.com/mgallery/board/view/?id=cheongbbak&no=2193&page=7
2192,,청석고 상ㅂ이 행님 감사합니다,애들이랑 잘먹겠습니다 ㅜㅠ,"청갤러(61.108) 2024.10.06 23:44:36
스크랩 조회 438 추천 4 댓글 0",4,438,2024.10.06 23:44:36,https://gall.dcinside.com/mgallery/board/view/?id=cheongbbak&no=2192&page=7
