제목,말머리,내용,글쓴이,추천수,조회수,날짜,링크,내용_score_여성/가족,내용_score_남성,내용_score_성소수자,내용_score_인종/국적,내용_score_연령,내용_score_지역,내용_score_종교,내용_score_기타 혐오,내용_score_악플/욕설,내용_score_clean,내용_score_장애
여기 분위기 어떤가요,,희망학교 써야하는데 분위기가 어떤지 모르겠어요,"백갤러(220.74) 2025.05.27 22:45:31
조회 59 추천 0 댓글 1",추천 0,조회 59,2025.05.27 22:45:31,https://gall.dcinside.com/mini/board/view/?id=phsfanclub&no=248&page=1,0.016750192269682884,0.009791949763894081,0.012308204546570778,0.01818654127418995,0.013835305348038673,0.010761567391455173,0.018031436949968338,0.009180190972983837,0.03351424261927605,0.9418118596076965,0.009518833830952644
백운고 노브라 유출 ㄷㄷ ㄹㅈㄷ;;,,- dc official App,"ㅇㅇ(175.116) 2025.05.03 15:05:02
조회 180 추천 1 댓글 0",추천 1,조회 180,2025.05.03 15:05:02,https://gall.dcinside.com/mini/board/view/?id=phsfanclub&no=247&page=1,0.012841418385505676,0.007844464853405952,0.009920693002641201,0.017234547063708305,0.00868525542318821,0.00734416488558054,0.01353029627352953,0.00821048952639103,0.05770694836974144,0.9080140590667725,0.006885179318487644
님들아 나 심심함,,놀아줘,"ㅇㅈㅅㅇ(211.118) 2025.03.09 23:48:18
조회 103 추천 0 댓글 0",추천 0,조회 103,2025.03.09 23:48:18,https://gall.dcinside.com/mini/board/view/?id=phsfanclub&no=246&page=1,0.015497214160859585,0.007598426192998886,0.010715942829847336,0.011903888545930386,0.012226338498294353,0.006457827053964138,0.01115882582962513,0.00867726095020771,0.06767153739929199,0.9109426140785217,0.007257396355271339
백운고 2학년 ㄱㄷㅎ,,ㅇㅅㄲ 만나면 명존쎄 ㄱㄱ,"ㅇㅈㅅㅇ(211.118) 2025.03.09 23:45:44
조회 165 추천 0 댓글 2",추천 0,조회 165,2025.03.09 23:45:44,https://gall.dcinside.com/mini/board/view/?id=phsfanclub&no=245&page=1,0.016751306131482124,0.016654307022690773,0.01715872809290886,0.011099112220108509,0.011470532044768333,0.009214548394083977,0.012177727185189724,0.02221793122589588,0.9144823551177979,0.07649555802345276,0.008598226122558117
ㅎㅇ,,ㅎㅇ,"0126h 2025.01.27 04:22:57
조회 77 추천 1 댓글 1",추천 1,조회 77,2025.01.27 04:22:57,https://gall.dcinside.com/mini/board/view/?id=phsfanclub&no=243&page=1,0.01872275024652481,0.012050434947013855,0.012875808402895927,0.020207524299621582,0.014764944091439247,0.011758506298065186,0.019233793020248413,0.00927744060754776,0.02993927337229252,0.947363018989563,0.010660217143595219
개미는 개미인데 아픈 개미는?,,느개미다 시발럼아 나 음민호다 ㅈ같으면 ㅆㅈ들어와라,"백갤러(182.225) 2025.01.23 02:01:12
조회 96 추천 0 댓글 4",추천 0,조회 96,2025.01.23 02:01:12,https://gall.dcinside.com/mini/board/view/?id=phsfanclub&no=242&page=1,0.027506712824106216,0.014960002154111862,0.025158783420920372,0.022722944617271423,0.006949137430638075,0.008051770739257336,0.012264798395335674,0.02918025478720665,0.903326153755188,0.042347248643636703,0.007242507301270962
오시온선생님 사랑합니다.,,"오시온선생님 사랑합니다.
학생들에게 진법변환을 알려주실 때 하나하나 자세하게 설명하시고 진법변환을 모르는 친구들에게  친절하게 설명해주셔서 감사합니다.
저도 진법변환이라는 걸 몰랐는데 오시온선생님때문에 진법변환의 개념을 알았습니다.
수업시간에 오시온선생님께서 학생들에게 진법변환을 친절하게 알려주시고 10진수를 2진수로 변환할때 왜 이렇게 되는지 증명도 해주셔서 너무 감동받았습니다.
저는 오시온 선생님한테 정보과학이랑 정보윤리랑 진법변환(10진수에서 2진수로 변환하는 방법,2진수에서 10진수로 변환하는 방법, 2진수에서 8지수로 변환하는 방법,8진수에서 2진수로 변환하는 방법, 2진수에서 8진수로 변환하는 방법,
8진수에서 2진수로 변환하는 방법, 8진수에서 16진수로 변환하는 방법
16진수에서 8진수로 변환하는 방법)의 개념을 배웠습니다.
오시온선생님때문에 정보과학이랑 정보윤리랑 진법변환의 개념및 활용을 알았습니다.
오시온선생님이 진법변환수업을 해주실때 이해가 잘되고 머리속에 기억이 남습니다.
오시온 선생님 사랑합니다.","백갤러(58.29) 2025.01.05 13:50:40
조회 89 추천 0 댓글 1",추천 0,조회 89,2025.01.05 13:50:40,https://gall.dcinside.com/mini/board/view/?id=phsfanclub&no=240&page=1,0.01949208602309227,0.011589733883738518,0.026196947321295738,0.017962703481316566,0.012494729831814766,0.00941700953990221,0.01658559963107109,0.01118761207908392,0.041941773146390915,0.9261507987976074,0.010318812914192677
아아아어어,,- dc official App,"ㅇㅇ(211.234) 2025.01.04 18:15:22
조회 30 추천 0 댓글 0",추천 0,조회 30,2025.01.04 18:15:22,https://gall.dcinside.com/mini/board/view/?id=phsfanclub&no=238&page=1,0.012841418385505676,0.007844464853405952,0.009920693002641201,0.017234547063708305,0.00868525542318821,0.00734416488558054,0.01353029627352953,0.00821048952639103,0.05770694836974144,0.9080140590667725,0.006885179318487644
백운고 03년생들아 올해는 꼭 잘해서 뜨거라,,"ㅇㅇ
- dc official App","03백붕(118.235) 2024.11.10 15:24:48
조회 132 추천 0 댓글 2",추천 0,조회 132,2024.11.10 15:24:48,https://gall.dcinside.com/mini/board/view/?id=phsfanclub&no=237&page=1,0.014747869223356247,0.008208629675209522,0.010164604522287846,0.016097307205200195,0.009572057984769344,0.007253332529217005,0.013432399369776249,0.008133839815855026,0.050566256046295166,0.9146890640258789,0.007100242655724287
님들은 진지하게 육사 붙으면 갈거임?,,생각 좀 들어볼게요,"ㅇㅇ(223.38) 2024.11.06 12:16:24
조회 88 추천 0 댓글 1",추천 0,조회 88,2024.11.06 12:16:24,https://gall.dcinside.com/mini/board/view/?id=phsfanclub&no=235&page=1,0.015968777239322662,0.010310223326086998,0.011915482580661774,0.014824201352894306,0.012807441875338554,0.009526943787932396,0.016386836767196655,0.008334060199558735,0.03949768841266632,0.9353011250495911,0.008970210328698158
갈뫼중 역사상 최고 GOAT,,"https://youtube.com/v/BGpzDoKupoM?si=5SFDHSy59n9rXpCY
 JS music
체육시간 활용 높은 음악 4*8카운트 총 5개BPM 115멋진 체육수업되세요!
youtube.com

이 브금을 들으면 심장이 다시 뜁니다..
그립읍니다.. GOAT.","백갤러(212.102) 2024.09.15 20:48:55
조회 213 추천 5 댓글 0",추천 5,조회 213,2024.09.15 20:48:55,https://gall.dcinside.com/mini/board/view/?id=phsfanclub&no=233&page=1,0.014941602945327759,0.00808689184486866,0.014292879961431026,0.01681281067430973,0.009580325335264206,0.006866056472063065,0.012030820362269878,0.008349163457751274,0.05895164608955383,0.9093525409698486,0.00750241382047534
나 권순존데,,다 싸지까자 싸워서 다 이길 자신있다 첫번째 상대로 김나경 부른다,"백갤러(182.225) 2024.08.10 22:16:34
조회 108 추천 0 댓글 1",추천 0,조회 108,2024.08.10 22:16:34,https://gall.dcinside.com/mini/board/view/?id=phsfanclub&no=232&page=1,0.032738372683525085,0.013864404521882534,0.008230039849877357,0.009269765578210354,0.005344525910913944,0.004436911083757877,0.006064982619136572,0.008126695640385151,0.14520005881786346,0.7719552516937256,0.004584264475852251
나 강준서인데,,개학하면 서열 정리 한다,"백갤러(182.225) 2024.08.10 22:11:00
조회 96 추천 0 댓글 0",추천 0,조회 96,2024.08.10 22:11:00,https://gall.dcinside.com/mini/board/view/?id=phsfanclub&no=231&page=1,0.015681186690926552,0.010513922199606895,0.011692029424011707,0.018067635595798492,0.013684270903468132,0.009922529570758343,0.01727246679365635,0.008768236264586449,0.033386874943971634,0.9369956254959106,0.008918807841837406
나 파란정수인데,,필요한 새끼들 연락해라 무한으로 채워준다,"백갤러(182.225) 2024.08.10 22:10:13
조회 65 추천 1 댓글 1",추천 1,조회 65,2024.08.10 22:10:13,https://gall.dcinside.com/mini/board/view/?id=phsfanclub&no=230&page=1,0.010960874147713184,0.00726474029943347,0.007886397652328014,0.011164462193846703,0.009039878845214844,0.006192738190293312,0.009435879066586494,0.008445847779512405,0.10635580122470856,0.8466859459877014,0.006055200006812811
ㅇ,,ㅇ,"백갤러(211.36) 2024.08.07 19:08:22
조회 30 추천 0 댓글 0",추천 0,조회 30,2024.08.07 19:08:22,https://gall.dcinside.com/mini/board/view/?id=phsfanclub&no=229&page=1,0.018850790336728096,0.011037461459636688,0.012619136832654476,0.01994955912232399,0.014095226302742958,0.010468464344739914,0.018832579255104065,0.009365822188556194,0.03137337043881416,0.9443227648735046,0.010108663700520992
ㅇ,,ㅇ,"백갤러(117.111) 2024.08.07 19:07:56
조회 14 추천 0 댓글 0",추천 0,조회 14,2024.08.07 19:07:56,https://gall.dcinside.com/mini/board/view/?id=phsfanclub&no=228&page=1,0.018850790336728096,0.011037461459636688,0.012619136832654476,0.01994955912232399,0.014095226302742958,0.010468464344739914,0.018832579255104065,0.009365822188556194,0.03137337043881416,0.9443227648735046,0.010108663700520992
민호 까불랑재끼네,,함 잡힐래,"백갤러(211.36) 2024.07.20 08:55:52
조회 98 추천 0 댓글 1",추천 0,조회 98,2024.07.20 08:55:52,https://gall.dcinside.com/mini/board/view/?id=phsfanclub&no=227&page=1,0.013441722840070724,0.008747827261686325,0.009715103544294834,0.01002793200314045,0.009322745725512505,0.00620338786393404,0.010280273854732513,0.0076768118888139725,0.08330751210451126,0.8850482106208801,0.006201595067977905
나 민혼데,,나 잡는 새끼 전재산 35만원 준다 니네 빽 다부르고 덤벼 진짜 신고 안할테니까 대신 나도 빽부른다,"백갤러(182.225) 2024.07.19 15:30:27
조회 58 추천 0 댓글 0",추천 0,조회 58,2024.07.19 15:30:27,https://gall.dcinside.com/mini/board/view/?id=phsfanclub&no=226&page=1,0.021169960498809814,0.007408113218843937,0.008067748509347439,0.0070917257107794285,0.006744254846125841,0.004703268874436617,0.0073580206371843815,0.012600808404386044,0.38420847058296204,0.613012969493866,0.0049944231286644936
음민혼데,,추가로 내여자 내가 지킨다 백운 커플 조심해라 곧 너네 나때문에 깨진다,"백갤러(182.225) 2024.07.19 15:23:32
조회 135 추천 0 댓글 0",추천 0,조회 135,2024.07.19 15:23:32,https://gall.dcinside.com/mini/board/view/?id=phsfanclub&no=225&page=1,0.6271814107894897,0.038452498614788055,0.01604243367910385,0.01150632556527853,0.010267856530845165,0.005062296520918608,0.005106636323034763,0.017122391611337662,0.18870972096920013,0.20906488597393036,0.006940176244825125
1학년대장,,나 1학년 대장 음민혼데 최근에 픽시 뺏겻거든 예민하니까 건들지마라 건들면 학폭 빤다,"백갤러(182.225) 2024.07.19 15:18:07
조회 158 추천 0 댓글 4",추천 0,조회 158,2024.07.19 15:18:07,https://gall.dcinside.com/mini/board/view/?id=phsfanclub&no=224&page=1,0.021275702863931656,0.0066299764439463615,0.010635843500494957,0.013193635269999504,0.008526882156729698,0.005355909466743469,0.009291519410908222,0.008627734147012234,0.07717602699995041,0.8844279646873474,0.005902573931962252
야이씨발련들아 나 동안고 원동민이다,,"백운고 1학년6반 씨발새끼들아 싸지 함 뜨자보지털도 못 추리게 만들어줄게 이개씨발푸씨들아
7월19일에 바이크 탄 나시보면 난줄 알아라","백갤러(125.178) 2024.07.15 00:57:17
조회 157 추천 2 댓글 1",추천 2,조회 157,2024.07.15 00:57:17,https://gall.dcinside.com/mini/board/view/?id=phsfanclub&no=223&page=1,0.07718466967344284,0.02183188498020172,0.02314945124089718,0.01113179698586464,0.006594724487513304,0.004369993694126606,0.0069719417952001095,0.047271259129047394,0.7976983785629272,0.03726973384618759,0.005158771760761738
백운고 브롤 유저 봐라,,백운고 클럽에 상남자의 자질이라는 닉달고 브롤볼 크로우들고 5800딜 쳐 넣는 고@r유저는 자진해서 운지하세요,"ㅇㅇ(119.193) 2024.07.09 12:03:29
조회 78 추천 0 댓글 0",추천 0,조회 78,2024.07.09 12:03:29,https://gall.dcinside.com/mini/board/view/?id=phsfanclub&no=222&page=1,0.11738560348749161,0.1742890179157257,0.1389474868774414,0.007326338905841112,0.015257732942700386,0.005285391118377447,0.00298107392154634,0.02255260944366455,0.0978882685303688,0.1404949277639389,0.007771908771246672
집가고싶다,,- dc official App,"바른공부전용자습관 2024.05.31 18:37:31
조회 56 추천 0 댓글 0",추천 0,조회 56,2024.05.31 18:37:31,https://gall.dcinside.com/mini/board/view/?id=phsfanclub&no=220&page=1,0.012841418385505676,0.007844464853405952,0.009920693002641201,0.017234547063708305,0.00868525542318821,0.00734416488558054,0.01353029627352953,0.00821048952639103,0.05770694836974144,0.9080140590667725,0.006885179318487644
10출 300환 개꿀이다 친구포10콩 꽁짱,,,"백갤러(193.36) 2024.05.30 21:59:41
조회 71 추천 0 댓글 0",추천 0,조회 71,2024.05.30 21:59:41,https://gall.dcinside.com/mini/board/view/?id=phsfanclub&no=219&page=1,0.0,0.0,0.0,0.0,0.0,0.0,0.0,0.0,0.0,0.0,0.0
어 나 졸업생인데,,"예아
- dc official App","바른공부전용자습관 2024.04.27 09:39:07
조회 92 추천 0 댓글 0",추천 0,조회 92,2024.04.27 09:39:07,https://gall.dcinside.com/mini/board/view/?id=phsfanclub&no=217&page=1,0.014967451803386211,0.008355881087481976,0.010359534062445164,0.017364921048283577,0.008241692557930946,0.0070312912575900555,0.013600822538137436,0.008336767554283142,0.0523311048746109,0.9109705686569214,0.006838963367044926
신입 백붕이들에게 한마디,,"여기가 내신 그나마 쉽다고 말 들어서 왔을거임
근데 결국 공부는 결국 자신과의 싸움이라
본인처럼 탭 받고 갤질이나 하고 있으면 공부 망하는 거임
공부 습관은 중학교에서 크게 변하지 않을 거고
결국 2년뒤에는 후회만 남고 본인처럼 정시전사나 하고 있을거임
아무튼 이렇게 안되려면 마음 독하게 먹고
탭으로 디시 보지 마셈
이상","ㅇㅇ(61.77) 2024.03.04 13:00:07
조회 77 추천 1 댓글 0",추천 1,조회 77,2024.03.04 13:00:07,https://gall.dcinside.com/mini/board/view/?id=phsfanclub&no=216&page=1,0.08644839376211166,0.017432305961847305,0.010818658396601677,0.004702206701040268,0.010367021895945072,0.0028975768946111202,0.0051165297627449036,0.01989438198506832,0.2890344262123108,0.5002062320709229,0.005455550737679005
본사람 댓글좀 달아주세요형들…,,- dc official App,"ㅇㅇ(211.234) 2024.01.30 22:21:27
조회 77 추천 0 댓글 1",추천 0,조회 77,2024.01.30 22:21:27,https://gall.dcinside.com/mini/board/view/?id=phsfanclub&no=215&page=1,0.012841418385505676,0.007844464853405952,0.009920693002641201,0.017234547063708305,0.00868525542318821,0.00734416488558054,0.01353029627352953,0.00821048952639103,0.05770694836974144,0.9080140590667725,0.006885179318487644
08인데 안녕하세요 형들,,- dc official App,"ㅇㅇ(180.69) 2024.01.28 04:05:44
조회 109 추천 0 댓글 0",추천 0,조회 109,2024.01.28 04:05:44,https://gall.dcinside.com/mini/board/view/?id=phsfanclub&no=214&page=1,0.012841418385505676,0.007844464853405952,0.009920693002641201,0.017234547063708305,0.00868525542318821,0.00734416488558054,0.01353029627352953,0.00821048952639103,0.05770694836974144,0.9080140590667725,0.006885179318487644
여기 이제 아무도 안들어오는구나,,ㅋㅋ,"닉네임뭐하노 2023.02.24 15:45:26
조회 193 추천 0 댓글 2",추천 0,조회 193,2023.02.24 15:45:26,https://gall.dcinside.com/mini/board/view/?id=phsfanclub&no=209&page=1,0.016486002132296562,0.010592150501906872,0.01233817357569933,0.017572669312357903,0.013425854966044426,0.009626394137740135,0.01754600740969181,0.009104637429118156,0.03704880177974701,0.94118732213974,0.009530629962682724
신입생 백붕이들아 반갑다,,다른 건 다 괜찮은데 4층 복도에서 좀만 조용히 해라,"ㅇㅇ(223.38) 2023.02.22 13:28:48
조회 84 추천 1 댓글 0",추천 1,조회 84,2023.02.22 13:28:48,https://gall.dcinside.com/mini/board/view/?id=phsfanclub&no=208&page=1,0.013771174475550652,0.009308390319347382,0.012347249314188957,0.015696370974183083,0.012167224660515785,0.008772199042141438,0.01425391435623169,0.00810252409428358,0.04414789006114006,0.9268419146537781,0.008152477443218231
고2 11모 고등학교 순위떴다,,"경기도내 고2 11모 순위
우성 49 백운 167위 모락 233위","ㅇㅇ(223.38) 2023.02.19 13:47:06
조회 518 추천 0 댓글 0",추천 0,조회 518,2023.02.19 13:47:06,https://gall.dcinside.com/mini/board/view/?id=phsfanclub&no=206&page=1,0.014158667996525764,0.009921165183186531,0.01110103353857994,0.01728353276848793,0.013430667109787464,0.012842572294175625,0.017909811809659004,0.00880399439483881,0.03364704176783562,0.9347572922706604,0.00869889184832573
후배들 새해복 많이받고 힘내라,,"난 먼저 신촌으로 간다 ㅋㅋㅋ
사랑한다 연세~","ㅇㅇ(1.241) 2023.01.01 00:07:40
조회 41 추천 0 댓글 0",추천 0,조회 41,2023.01.01 00:07:40,https://gall.dcinside.com/mini/board/view/?id=phsfanclub&no=205&page=1,0.013751641847193241,0.009751204401254654,0.011178520508110523,0.020374981686472893,0.013852699659764767,0.01764703541994095,0.019512446597218513,0.00788686703890562,0.028886381536722183,0.9322081208229065,0.008869296871125698
[ Fare well ],,모두 고생했고 좋은결과 있길바란다.,"ㅇㅇ(14.4) 2022.11.17 06:07:00
조회 49 추천 0 댓글 0",추천 0,조회 49,2022.11.17 06:07:00,https://gall.dcinside.com/mini/board/view/?id=phsfanclub&no=204&page=1,0.017034463584423065,0.012281954288482666,0.013144811615347862,0.020300285890698433,0.01417180709540844,0.010019651614129543,0.019418923184275627,0.0090688681229949,0.03140230476856232,0.9455980062484741,0.010363847948610783
나다,,내일 잘봐라 우흥/,"닉네임뭐하노 2022.11.16 21:44:00
조회 75 추천 0 댓글 1",추천 0,조회 75,2022.11.16 21:44:00,https://gall.dcinside.com/mini/board/view/?id=phsfanclub&no=203&page=1,0.012497124262154102,0.00889796856790781,0.008842159062623978,0.01301464531570673,0.011855299584567547,0.008154798299074173,0.013051152229309082,0.007847215048968792,0.05652981624007225,0.9109452366828918,0.0071938796900212765
"""폭 풍 전 야""",,"니들이 잘 못볼지 내가 잘 볼지는 정해져있다.
들어와라 2023 대학수학능력시험.","ㅇㅇ(1.241) 2022.11.16 14:19:38
조회 37 추천 0 댓글 0",추천 0,조회 37,2022.11.16 14:19:38,https://gall.dcinside.com/mini/board/view/?id=phsfanclub&no=202&page=1,0.01654834859073162,0.00726504810154438,0.009903378784656525,0.01332040224224329,0.009648148901760578,0.006059649866074324,0.010404474101960659,0.008267812430858612,0.06846386194229126,0.8910587430000305,0.006332161836326122
"""미래는 정해져있어... 운명이란 바꿀수없는것이야..""",,,"ㅇㅇ(14.4) 2022.11.14 15:56:51
조회 59 추천 0 댓글 0",추천 0,조회 59,2022.11.14 15:56:51,https://gall.dcinside.com/mini/board/view/?id=phsfanclub&no=201&page=1,0.0,0.0,0.0,0.0,0.0,0.0,0.0,0.0,0.0,0.0,0.0
[이순신의 마음가짐으로],,"必死則生 (필사즉생)
반드시 죽으려 하는 자는 살고
幸生則死 (행생즉사)
요행히 살고자 하는 자는 죽을 것이다","ㅇㅇ(14.4) 2022.11.13 19:44:00
조회 28 추천 1 댓글 0",추천 1,조회 28,2022.11.13 19:44:00,https://gall.dcinside.com/mini/board/view/?id=phsfanclub&no=200&page=1,0.01116869505494833,0.02642759680747986,0.022435566410422325,0.004700216930359602,0.010530314408242702,0.006538602523505688,0.023725230246782303,0.043349117040634155,0.7435175180435181,0.08741918951272964,0.006628203205764294
???: 노력하지않은 죄,,"노력하지 않은죄..

하염없이 시간을 흘려보낸죄..

자신을 돌아보지 않은 죄...

너 자신을 나태하게 놔둔 죄....


































땅 땅
























"" 재 수 ""","ㅇㅇ(14.4) 2022.11.12 18:00:46
조회 42 추천 1 댓글 0",추천 1,조회 42,2022.11.12 18:00:46,https://gall.dcinside.com/mini/board/view/?id=phsfanclub&no=199&page=1,0.014285244047641754,0.02185112051665783,0.013024217449128628,0.005763447843492031,0.005028960295021534,0.003884657518938184,0.009893153794109821,0.012644598260521889,0.5015420317649841,0.471656858921051,0.005832122638821602
"""도라에몽... 시간을.. 되돌려줘""",,"""
""나 돌아갈래.....""





















나돌아갈래!!!!!!!!!!!!!!!!!","ㅇㅇ(14.4) 2022.11.12 17:55:26
조회 70 추천 1 댓글 0",추천 1,조회 70,2022.11.12 17:55:26,https://gall.dcinside.com/mini/board/view/?id=phsfanclub&no=198&page=1,0.014461771585047245,0.008519774302840233,0.009876862168312073,0.009400601498782635,0.00886728148907423,0.0066321310587227345,0.01045492384582758,0.007045097183436155,0.10666342079639435,0.8819655179977417,0.006423955783247948
"""5일""",,"5일 , 120시간, 7200분 , 452000초 

"" 중요한건 꺾이지않는 마음""","ㅇㅇ(14.4) 2022.11.12 12:41:13
조회 31 추천 0 댓글 0",추천 0,조회 31,2022.11.12 12:41:13,https://gall.dcinside.com/mini/board/view/?id=phsfanclub&no=197&page=1,0.01610804907977581,0.0100614745169878,0.011418134905397892,0.014223429374396801,0.01169821247458458,0.00876937061548233,0.01557753887027502,0.008351468481123447,0.042187612503767014,0.9314035773277283,0.008215371519327164
???: 우리 1년 더한다,,,"ㅇㅇ(14.4) 2022.11.11 13:57:15
조회 63 추천 0 댓글 0",추천 0,조회 63,2022.11.11 13:57:15,https://gall.dcinside.com/mini/board/view/?id=phsfanclub&no=196&page=1,0.0,0.0,0.0,0.0,0.0,0.0,0.0,0.0,0.0,0.0,0.0
"""그러나 꺾이지 않는것은 없기에...""",,.... d-6,"ㅇㅇ(14.4) 2022.11.11 13:33:11
조회 27 추천 0 댓글 0",추천 0,조회 27,2022.11.11 13:33:11,https://gall.dcinside.com/mini/board/view/?id=phsfanclub&no=195&page=1,0.01601867377758026,0.009678046219050884,0.01122503075748682,0.015737958252429962,0.012995537370443344,0.00978794228285551,0.015739038586616516,0.008364859037101269,0.03919626772403717,0.9330564737319946,0.008692874573171139
""" 중요한건 꺾이지않는 마음""",,D-7,"ㅇㅇ(14.4) 2022.11.10 20:44:56
조회 30 추천 0 댓글 0",추천 0,조회 30,2022.11.10 20:44:56,https://gall.dcinside.com/mini/board/view/?id=phsfanclub&no=194&page=1,0.016878508031368256,0.011858287267386913,0.011764590628445148,0.018289875239133835,0.014406980946660042,0.011174986138939857,0.01939311996102333,0.00892551988363266,0.03188582509756088,0.9431157112121582,0.010034703649580479
"""중요한건 꺽이지 않는 마음""",,D-9,"ㅇㅇ(14.4) 2022.11.08 19:30:02
조회 39 추천 1 댓글 0",추천 1,조회 39,2022.11.08 19:30:02,https://gall.dcinside.com/mini/board/view/?id=phsfanclub&no=193&page=1,0.01583525910973549,0.010806862264871597,0.010560071095824242,0.015371410176157951,0.012909969314932823,0.01000650692731142,0.016506271436810493,0.008536712266504765,0.038499802350997925,0.9343690872192383,0.008912917226552963
수능 공부법 공유한다.,,"일단 수특 수완-> 여기서 나오는문제가 수능에 나올확률? ㅈ도없음 바로 째기셈
문학 연계는 허수들만 신경쓰는 부분이므로 가볍게 넘어가셈

기출풀이-> 기출문제? 수능에 절대안나옴 그러므로 기출 문제풀이도 할필요가 없다.

자그러면 뭘 공부해야 하냐 답은정해져있다.  니가 꼴리는걸 해라. 사람은 본래 자신이 하고싶은것을 할때 가장큰 효율을 낼수있는 동물이다.
그러므로 나는 롤을 하러가겠다. 그럼 20000","ㅇㅇ(14.4) 2022.10.28 21:54:55
조회 88 추천 1 댓글 0",추천 1,조회 88,2022.10.28 21:54:55,https://gall.dcinside.com/mini/board/view/?id=phsfanclub&no=192&page=1,0.03657691925764084,0.01945362240076065,0.009372920729219913,0.005013791378587484,0.00814108271151781,0.0025993231683969498,0.005826264154165983,0.017848948016762733,0.4768149256706238,0.3842664062976837,0.004771187901496887
모의고사&학교 내신 성적표 수정,,"https://open.kakao.com/o/sj9T07Ie
모의고사
open.kakao.com
*2022년 3월,6월,9월 모의고사 성적표 양식 판매합니다.(2022년 11월 모의고사 양식도 미리 대비해서 보내드립니다.)



*학교 내신 성적표 수정도 받고 있습니다.


*가격은 10000원 입니다.

*이름이랑 원하시는 성적 있으시면 반영해서 수정해드립니다.

*수정할수 있는 한글파일로 보내드리니 걱정하지 않으셔도 됩니다.

*본 양식은 동기부여용/자기자극용/부모님설득 등 건전한 곳에 사용될 용도로 공유 중입니다.(불건전한 곳에 사용의 책임은
구매자에게 있습니다.)
*거래 진행방식- 대화방에 입장하셔서 원하시는 성적과 이름 혹은 양식만을 원한다 등의 요청사항을 말씀해주시고

*계좌번호로 입금된것이 확인되면 이메일로 보내드리는 방식입니다.
*거래가 완료되면 대화방은 삭제하니 개인정보 유출등의 문제는 걱정하지 않으셔도 됩니다.

*답장이 없더라도 잠시 대기 부탁드립니다.","ㅇㅇ(210.217) 2022.10.25 16:33:27
조회 119 추천 0 댓글 1",추천 0,조회 119,2022.10.25 16:33:27,https://gall.dcinside.com/mini/board/view/?id=phsfanclub&no=191&page=2,0.01713055558502674,0.010961044579744339,0.017389647662639618,0.015815118327736855,0.009978840127587318,0.007651653606444597,0.014761033467948437,0.009535208344459534,0.04774456098675728,0.9267409443855286,0.00898058619350195
인생좆된 고3 백붕이 ㅋㅋㅋㅋㅋ,,애미 ㅋㅋㅋ,"ㅇㅇ(1.241) 2022.10.21 00:03:11
조회 128 추천 1 댓글 1",추천 1,조회 128,2022.10.21 00:03:11,https://gall.dcinside.com/mini/board/view/?id=phsfanclub&no=190&page=2,0.019591549411416054,0.006063241045922041,0.008000575006008148,0.005952321924269199,0.008103002794086933,0.004685232415795326,0.0072001004591584206,0.012130764313042164,0.4517858028411865,0.4530043601989746,0.00478272745385766
ㅇㄴㅁㅁㅁㅁ,,ㅁㄴㅇ,"ㅇㅇ(222.98) 2022.10.10 20:51:04
조회 27 추천 0 댓글 0",추천 0,조회 27,2022.10.10 20:51:04,https://gall.dcinside.com/mini/board/view/?id=phsfanclub&no=189&page=2,0.019591862335801125,0.010182760655879974,0.01052550133317709,0.018759438768029213,0.013455471023917198,0.010155613534152508,0.016197210177779198,0.008746218867599964,0.03434143587946892,0.9385724067687988,0.009116695262491703
실시간 백붕이 탈의실에서 갤질한다,,교실에서 하기엔 좀 그렇잖아,"ㅇㅇ(61.77) 2022.08.22 15:44:37
조회 90 추천 1 댓글 0",추천 1,조회 90,2022.08.22 15:44:37,https://gall.dcinside.com/mini/board/view/?id=phsfanclub&no=188&page=2,0.01566442847251892,0.010150255635380745,0.013450616039335728,0.01782776042819023,0.013126551173627377,0.010132688097655773,0.01878204569220543,0.008813091553747654,0.03441978618502617,0.9404184818267822,0.00929990690201521
정시 좆된 정시파이터면 개추,,정시파이터 웅앵웅 해놓고 공부안했으면 개추 ㅋㅋㅋ,"ㅇㅇ(1.241) 2022.08.20 13:18:49
조회 64 추천 3 댓글 0",추천 3,조회 64,2022.08.20 13:18:49,https://gall.dcinside.com/mini/board/view/?id=phsfanclub&no=187&page=2,0.04298688843846321,0.29889899492263794,0.009531088173389435,0.00614436948671937,0.03532112389802933,0.006149855442345142,0.005020835902541876,0.028359783813357353,0.3744094669818878,0.04170989245176315,0.006880071945488453
급식 맛 자체는 좋다 생각함,,"근데 메뉴를 가끔 함바집에서나 줄 법한 걸 줘서
맛의 방향 자체가 잘못된거지
맛있는 메뉴면 ㅍㅅㅌㅊ된다고 본다.","ㅇㅇ(61.77) 2022.07.01 13:36:04
조회 114 추천 1 댓글 2",추천 1,조회 114,2022.07.01 13:36:04,https://gall.dcinside.com/mini/board/view/?id=phsfanclub&no=186&page=2,0.018246818333864212,0.009375790134072304,0.011248711496591568,0.0152968131005764,0.010813022032380104,0.008727292530238628,0.01462541799992323,0.008329209871590137,0.039703384041786194,0.926449179649353,0.007936864160001278
오전에 번개 크게 친거,,들었으면 개추,"ㅇㅇ(61.77) 2022.06.30 14:10:13
조회 54 추천 2 댓글 1",추천 2,조회 54,2022.06.30 14:10:13,https://gall.dcinside.com/mini/board/view/?id=phsfanclub&no=185&page=2,0.05379875749349594,0.059617798775434494,0.00553817069157958,0.004925952292978764,0.010723665356636047,0.0071428571827709675,0.004416289273649454,0.011713962070643902,0.2676195204257965,0.2343219816684723,0.004361876752227545
우연이 내게오나봐~ 꽃향기가 보여 ~,,"드디어 저희 3학년 1반에도 봄이왔나봅니다.
공부밖에모르던 저의 학우가 사랑을 시작한것같습니다.
여러분 비록 이름은 못밝히지만 응원해주세요..!","ㅇㅇ(61.77) 2022.06.20 16:23:21
조회 240 추천 7 댓글 6",추천 7,조회 240,2022.06.20 16:23:21,https://gall.dcinside.com/mini/board/view/?id=phsfanclub&no=184&page=2,0.01740976981818676,0.010581215843558311,0.014471045695245266,0.017674190923571587,0.01141409296542406,0.00904605258256197,0.018953140825033188,0.008595134131610394,0.0332501158118248,0.9360520243644714,0.00880349986255169
산 밀어버리고싶네,,"새새끼들 존나시끄럽고 벌레 존나들어오고
존나 뭔생각으로 이딴데에 학교를지은거지","ㅇㅇ(61.77) 2022.06.16 08:23:47
조회 74 추천 1 댓글 1",추천 1,조회 74,2022.06.16 08:23:47,https://gall.dcinside.com/mini/board/view/?id=phsfanclub&no=183&page=2,0.005924297962337732,0.011493295431137085,0.08411052823066711,0.17733563482761383,0.018321843817830086,0.009817852638661861,0.024282915517687798,0.052005182951688766,0.3598186671733856,0.014705905690789223,0.008390226401388645
6모 3일남았네,,"ㅋㅋㅋㅋㅋㅋㅋㅋㅋㅋㅋㅋㅋㅋㅋㅋㅋㅋㅋㅋㅋㅋㅋㅋㅋㅋㅋㅋㅋㅋㅋㅋㅋㅋㅋㅋㅋㅋㅋㅋㅋㅋㅋㅋㅋㅋㅋㅋㅋㅋㅋㅋㅋㅋㅋㅋㅋㅋㅋㅋㅋㅋㅋㅋㅋㅋㅋㅋㅋㅋㅋㅋㅋㅋㅋㅋㅋㅋㅋㅋㅋㅋㅋㅋㅋㅋㅋㅋㅋㅋㅋㅋㅋㅋㅋㅋㅋㅋㅋㅋㅋㅋㅋㅋㅋㅋㅋㅋㅋㅋㅋㅋㅋㅋㅋㅋㅋㅋㅋㅋㅋㅋㅋㅋㅋㅋㅋㅋㅋㅋㅋㅋㅋㅋㅋㅋㅋㅋㅋㅋㅋㅋㅋㅋㅋㅋㅋㅋㅋㅋㅋㅋㅋㅋㅋㅋㅋㅋㅋㅋㅋㅋㅋㅋㅋㅋㅋㅋㅋㅋㅋㅋㅋㅋㅋㅋㅋㅋㅋㅋㅋㅋㅋㅋㅋㅋ

좆 댓 따 !","ㅇㅇ(14.4) 2022.06.06 23:09:02
조회 39 추천 3 댓글 0",추천 3,조회 39,2022.06.06 23:09:02,https://gall.dcinside.com/mini/board/view/?id=phsfanclub&no=182&page=2,0.027151813730597496,0.03979744762182236,0.022277314215898514,0.010373932309448719,0.009403256699442863,0.006737282034009695,0.007024974562227726,0.029392294585704803,0.8871507048606873,0.0362137146294117,0.007549219764769077
그냥여기한국공학대갤러리하자,,다같이 한국공대로 가자~~~,"ㅇㅇ(221.150) 2022.05.11 00:35:29
조회 183 추천 1 댓글 1",추천 1,조회 183,2022.05.11 00:35:29,https://gall.dcinside.com/mini/board/view/?id=phsfanclub&no=181&page=2,0.016978032886981964,0.010821418836712837,0.010064570233225822,0.022530797868967056,0.011217014864087105,0.007974735461175442,0.01635052263736725,0.008440401405096054,0.038677774369716644,0.9341511130332947,0.008358757942914963
아직 있노,,여기도 오랫만이네 이x찬은 아직도 있노,"ㅇㅇ(221.141) 2022.05.10 14:29:04
조회 54 추천 0 댓글 1",추천 0,조회 54,2022.05.10 14:29:04,https://gall.dcinside.com/mini/board/view/?id=phsfanclub&no=180&page=2,0.011343089863657951,0.004467078018933535,0.006405290216207504,0.010190635919570923,0.007721434347331524,0.01039400789886713,0.008193778805434704,0.01069202832877636,0.29305773973464966,0.6378097534179688,0.005244191735982895
이 시발,,매점열어 나쁜넘들아ㅏㅏㅏ요즘급식에바야ㅏㅏㅏ고3내내 못쓰는게어딧어ㅓㅓㅓㅓㅓ,"ㅇㅇ(1.241) 2022.04.26 18:50:39
조회 125 추천 0 댓글 1",추천 0,조회 125,2022.04.26 18:50:39,https://gall.dcinside.com/mini/board/view/?id=phsfanclub&no=179&page=2,0.010343260131776333,0.00534794433042407,0.009120021015405655,0.00903740432113409,0.009843709878623486,0.006496398709714413,0.009336335584521294,0.00832072738558054,0.15962828695774078,0.8108616471290588,0.005914825014770031
여긴 의왕백운고갤러리입니다,,파딱은 재수중임요ㅇㅇ,"ㅇㅇ(221.150) 2022.04.18 00:06:39
조회 220 추천 0 댓글 1",추천 0,조회 220,2022.04.18 00:06:39,https://gall.dcinside.com/mini/board/view/?id=phsfanclub&no=178&page=2,0.06942443549633026,0.061241522431373596,0.022682074457406998,0.004820873960852623,0.16716071963310242,0.0053314766846597195,0.005607618950307369,0.023221176117658615,0.14154742658138275,0.2271592766046524,0.009314856491982937
공부 좆같다,,"아니 왜째서 고1때 내신을 6등급대로 던져버린 것입니까 과거의 나?

4등급대 까지밖에 복구를 못한 등신입니다.

문송합니다.

고1, 2는 갤끄고 시험공부해라... 나처럼 되지말아줘...","ㅇㅇ(61.77) 2022.04.07 08:38:50
조회 142 추천 0 댓글 1",추천 0,조회 142,2022.04.07 08:38:50,https://gall.dcinside.com/mini/board/view/?id=phsfanclub&no=176&page=2,0.015928417444229126,0.011633262038230896,0.009139039553701878,0.007146607618778944,0.005463223904371262,0.004992797505110502,0.006249728612601757,0.01427705492824316,0.343122661113739,0.6287733316421509,0.005415528081357479
본인 프로미스나인 빠는 백붕이면 개추 ㅋㅋ,,개추 감쟈합니다,"ㅇㅇ(14.4) 2022.03.30 00:43:05
조회 60 추천 0 댓글 1",추천 0,조회 60,2022.03.30 00:43:05,https://gall.dcinside.com/mini/board/view/?id=phsfanclub&no=175&page=2,0.02718222886323929,0.05542772263288498,0.008378769271075726,0.008565758354961872,0.007604044862091541,0.009162516333162785,0.006308581214398146,0.0067507363855838776,0.09882031381130219,0.6340717077255249,0.005125559400767088
고3게이 손,,"문과만 받는다.
엄근진","ㅇㅇ(1.241) 2022.03.18 23:28:32
조회 78 추천 0 댓글 1",추천 0,조회 78,2022.03.18 23:28:32,https://gall.dcinside.com/mini/board/view/?id=phsfanclub&no=174&page=2,0.01778084598481655,0.011005247943103313,0.011977599002420902,0.020103532820940018,0.013403323478996754,0.010238168761134148,0.017332112416625023,0.009957992471754551,0.029700282961130142,0.9392418265342712,0.009208112955093384
재학생이 809명인데,,글젠이 이거밖에 안됨?,"찰팡 2022.03.17 23:18:11
조회 142 추천 2 댓글 1",추천 2,조회 142,2022.03.17 23:18:11,https://gall.dcinside.com/mini/board/view/?id=phsfanclub&no=173&page=2,0.01663578487932682,0.010306733660399914,0.026080699637532234,0.01759522221982479,0.01193076279014349,0.008841958828270435,0.01676260493695736,0.008431913331151009,0.03222506865859032,0.931019127368927,0.00946305226534605
디시인사이드 이렇게하는거맞나..?,,안녕하세요 !!,"이찬영(221.143) 2022.03.17 23:14:33
조회 146 추천 2 댓글 2",추천 2,조회 146,2022.03.17 23:14:33,https://gall.dcinside.com/mini/board/view/?id=phsfanclub&no=172&page=2,0.016938025131821632,0.01118168979883194,0.012615852057933807,0.01916300691664219,0.014028910547494888,0.01066342182457447,0.01943444088101387,0.008819546550512314,0.03341381624341011,0.9459919333457947,0.01019817590713501
오늘 급식 맛있었으면 개추ㅋㅋㅋ,,"움냠냠쩦짶
- dc official App","ㅇㅇ(175.116) 2022.03.17 23:13:18
조회 153 추천 1 댓글 5",추천 1,조회 153,2022.03.17 23:13:18,https://gall.dcinside.com/mini/board/view/?id=phsfanclub&no=171&page=2,0.012288950383663177,0.006637366954237223,0.008600372821092606,0.01328854076564312,0.0066031888127326965,0.005467080511152744,0.009335865266621113,0.009163018316030502,0.1442064791917801,0.8323834538459778,0.005831454414874315
개같이 멸망했네,,ㅋㅋㅋㅋㅋㅋㅋㅋ,"찰팡 2022.03.17 23:10:01
조회 37 추천 1 댓글 0",추천 1,조회 37,2022.03.17 23:10:01,https://gall.dcinside.com/mini/board/view/?id=phsfanclub&no=170&page=2,0.01606389321386814,0.010488552041351795,0.012390021234750748,0.016471272334456444,0.013649937696754932,0.009998701512813568,0.01711868681013584,0.008906352333724499,0.03848429396748543,0.9413192868232727,0.009484557434916496
속보-수능포기,,"일주일만에 깨달음
그냥 수시로 경기도 저 어디 대학하나 넣고 놀아야지","ㅇㅇ(1.241) 2022.03.13 15:39:55
조회 36 추천 0 댓글 0",추천 0,조회 36,2022.03.13 15:39:55,https://gall.dcinside.com/mini/board/view/?id=phsfanclub&no=169&page=2,0.0177078265696764,0.005402071867138147,0.009793628007173538,0.016200220212340355,0.012390819378197193,0.3317035138607025,0.017176387831568718,0.054423656314611435,0.08074145764112473,0.36140409111976624,0.008483417332172394
이번에 대학 들어가는데,,"안녕 얘들아 이번에 컴공과 입학하는 찐따인데 공부 겸 어플좀 만들어봤어 시간내서 한번씩 좀 해봐주겠니..

미안해..ㅠ

https://play.google.com/store/apps/details?id=kim.dae1212.imagegame0216","익명(77.111) 2022.03.02 00:23:59
조회 62 추천 0 댓글 1",추천 0,조회 62,2022.03.02 00:23:59,https://gall.dcinside.com/mini/board/view/?id=phsfanclub&no=168&page=2,0.010348174721002579,0.00456671416759491,0.01097059715539217,0.03406089171767235,0.00773682352155447,0.005023544654250145,0.006546927150338888,0.017278730869293213,0.2606446444988251,0.5551313161849976,0.006514186505228281
이이잉ㅇ 기몰잉,,ㅇㄹㄴㅇㄹ,"악질아이피14.4 2022.02.28 02:12:51
조회 33 추천 0 댓글 0",추천 0,조회 33,2022.02.28 02:12:51,https://gall.dcinside.com/mini/board/view/?id=phsfanclub&no=167&page=2,0.01997910626232624,0.0088649932295084,0.009676625952124596,0.015496437437832355,0.011332949623465538,0.008476830087602139,0.013764970004558563,0.008020703680813313,0.04427303001284599,0.9263421297073364,0.00783505942672491
백운고 게이들한테만 주식정보준다,,"한일단조, 빅텍 풀매수박아라 게이들아 ㅇㅇ","건전하고공정한시민 2022.02.27 22:57:02
조회 113 추천 0 댓글 1",추천 0,조회 113,2022.02.27 22:57:02,https://gall.dcinside.com/mini/board/view/?id=phsfanclub&no=166&page=2,0.019703654572367668,0.009482009336352348,0.02433045022189617,0.022621698677539825,0.008397283032536507,0.006281282752752304,0.01276590395718813,0.0070343175902962685,0.04563586413860321,0.9051400423049927,0.008321438916027546
속보))) 보닌 재수확정,,"4디시콘 보기
1종보통 장내기능시험 재수 확정","닉네임뭐하노 2022.02.19 11:32:24
조회 85 추천 1 댓글 2",추천 1,조회 85,2022.02.19 11:32:24,https://gall.dcinside.com/mini/board/view/?id=phsfanclub&no=165&page=2,0.03128228709101677,0.018701892346143723,0.020440686494112015,0.005942939314991236,0.00502169830724597,0.004485121462494135,0.005116173066198826,0.014968091621994972,0.15431281924247742,0.7075880765914917,0.0056271739304065704
누누이 말씀드리지만 이곳은 국내잇올갤러리입니다.,,,"닉네임뭐하노 2022.02.15 20:54:26
조회 54 추천 0 댓글 0",추천 0,조회 54,2022.02.15 20:54:26,https://gall.dcinside.com/mini/board/view/?id=phsfanclub&no=164&page=2,0.0,0.0,0.0,0.0,0.0,0.0,0.0,0.0,0.0,0.0,0.0
망갤 테스트,,예아 망갤 되었으면 여기 갤은 광양백운고가 가져간다,"ㅇㅇ(218.233) 2022.02.13 06:01:27
조회 79 추천 2 댓글 0",추천 2,조회 79,2022.02.13 06:01:27,https://gall.dcinside.com/mini/board/view/?id=phsfanclub&no=163&page=2,0.022414201870560646,0.010133577510714531,0.008243645541369915,0.01614759862422943,0.008951989002525806,0.010247339494526386,0.009596576914191246,0.008715597912669182,0.04300745204091072,0.8978975415229797,0.006798502989113331
응 코스피 2700선 무너져도 상관없어ㅋㅋ,,사실 그렇지않아 시발,"ㅇㅇ(175.116) 2022.01.29 03:21:09
조회 50 추천 0 댓글 1",추천 0,조회 50,2022.01.29 03:21:09,https://gall.dcinside.com/mini/board/view/?id=phsfanclub&no=162&page=2,0.019874636083841324,0.013754656538367271,0.014695138670504093,0.015119291841983795,0.011946916580200195,0.013188285753130913,0.014262051321566105,0.033908285200595856,0.9162892699241638,0.04034695774316788,0.008710034191608429
잇붕이 이X찬은 잇올안간다고 놀지말고 공부하기를 바람,,ㅇ,"ㅇㅇ(175.116) 2022.01.28 22:35:46
조회 105 추천 0 댓글 1",추천 0,조회 105,2022.01.28 22:35:46,https://gall.dcinside.com/mini/board/view/?id=phsfanclub&no=161&page=2,0.018850790336728096,0.011037461459636688,0.012619136832654476,0.01994955912232399,0.014095226302742958,0.010468464344739914,0.018832579255104065,0.009365822188556194,0.03137337043881416,0.9443227648735046,0.010108663700520992
예비고3인 나,,"1월 순공부시간 10시간 내외
좆 됐 다!!","ㅇㅇ(1.241) 2022.01.24 14:27:09
조회 75 추천 0 댓글 3",추천 0,조회 75,2022.01.24 14:27:09,https://gall.dcinside.com/mini/board/view/?id=phsfanclub&no=160&page=2,0.020566077902913094,0.02462262660264969,0.015424263663589954,0.01939188688993454,0.009859129786491394,0.009744226932525635,0.010014676488935947,0.034785348922014236,0.921295166015625,0.04551190882921219,0.008732138201594353
재수 잇붕이 이X찬 게이야 열심히해라,,,"닉네임뭐하노 2022.01.23 20:31:07
조회 68 추천 0 댓글 4",추천 0,조회 68,2022.01.23 20:31:07,https://gall.dcinside.com/mini/board/view/?id=phsfanclub&no=159&page=2,0.0,0.0,0.0,0.0,0.0,0.0,0.0,0.0,0.0,0.0,0.0
잇붕이집가는중ㅠㅠ,,너네는재수안할거같지,"익명의김x규 2022.01.22 20:58:03
조회 74 추천 0 댓글 2",추천 0,조회 74,2022.01.22 20:58:03,https://gall.dcinside.com/mini/board/view/?id=phsfanclub&no=158&page=2,0.009592399932444096,0.007161540444940329,0.008758720941841602,0.00923429150134325,0.006278472952544689,0.005414128769189119,0.008229214698076248,0.010660957545042038,0.4635211229324341,0.5524823665618896,0.005350679159164429
여기 뭐하는 곳이노?,,"씨발ㅋㅋㅋㅋ
- dc official App","%0%0 2022.01.07 01:14:22
조회 94 추천 0 댓글 1",추천 0,조회 94,2022.01.07 01:14:22,https://gall.dcinside.com/mini/board/view/?id=phsfanclub&no=157&page=2,0.020425453782081604,0.01500233355909586,0.015429801307618618,0.014835265465080738,0.008099647238850594,0.009170190431177616,0.013672851026058197,0.02773798629641533,0.9056589603424072,0.04642270505428314,0.007607456296682358
형님들 졸업 ㅊㅊ,,이젠 씨발 제가 고3이네요 씨발씨발,"ㅇㅇ(1.241) 2022.01.03 19:26:41
조회 73 추천 0 댓글 2",추천 0,조회 73,2022.01.03 19:26:41,https://gall.dcinside.com/mini/board/view/?id=phsfanclub&no=156&page=2,0.025070831179618835,0.014867552556097507,0.01902703382074833,0.014328023418784142,0.010467229411005974,0.011960039846599102,0.015586478635668755,0.030858810991048813,0.906136155128479,0.02775903232395649,0.007998752407729626
백붕이잇올등록하고왓어ㅠㅠㅠㅠㅠㅠㅠ,,나엔수생이다,"익명의김x규 2022.01.02 11:03:22
조회 54 추천 0 댓글 0",추천 0,조회 54,2022.01.02 11:03:22,https://gall.dcinside.com/mini/board/view/?id=phsfanclub&no=155&page=2,0.016335614025592804,0.010224562138319016,0.013691325671970844,0.017512772232294083,0.014055179432034492,0.011186983436346054,0.01845535822212696,0.00886719673871994,0.033164702355861664,0.9416969418525696,0.009492912329733372
XX교 게이야,,게이야,"ㅇㅇ(118.235) 2021.11.29 08:38:23
조회 146 추천 5 댓글 4",추천 5,조회 146,2021.11.29 08:38:23,https://gall.dcinside.com/mini/board/view/?id=phsfanclub&no=153&page=2,0.017635397613048553,0.011477346532046795,0.023727117106318474,0.017026903107762337,0.013431224040687084,0.009828111156821251,0.019106771796941757,0.008908482268452644,0.031342193484306335,0.9415839314460754,0.010493808425962925
나(오늘부터04)현역으로대학감,,03아님이제 ㅇㅇ,"익명의김x규 2021.11.26 08:37:16
조회 116 추천 0 댓글 3",추천 0,조회 116,2021.11.26 08:37:16,https://gall.dcinside.com/mini/board/view/?id=phsfanclub&no=152&page=2,0.01654118113219738,0.010623814538121223,0.012423550710082054,0.017838910222053528,0.01382945105433464,0.010609880089759827,0.017076998949050903,0.008968616835772991,0.03327985480427742,0.9399498701095581,0.009442366659641266
김x규 게이야 어디갔노…,,수능 잘봤노?,"ㅇㅇ(14.4) 2021.11.24 18:34:05
조회 80 추천 0 댓글 1",추천 0,조회 80,2021.11.24 18:34:05,https://gall.dcinside.com/mini/board/view/?id=phsfanclub&no=151&page=2,0.014938762411475182,0.009634088724851608,0.009244002401828766,0.011869087815284729,0.012138710357248783,0.008972255513072014,0.013856088742613792,0.00915151834487915,0.0476950965821743,0.9215674996376038,0.00781804509460926
형님들 누님들 수능 화이팅입니다!,,"전날에는 푹 주무시고

꼭 좋은 결과 있기를 바랍니다!","ㅇㅇ(1.241) 2021.11.17 08:36:16
조회 57 추천 0 댓글 5",추천 0,조회 57,2021.11.17 08:36:16,https://gall.dcinside.com/mini/board/view/?id=phsfanclub&no=150&page=2,0.013998320326209068,0.00922588724642992,0.010887221433222294,0.01352173276245594,0.013660882599651814,0.008811763487756252,0.015009975992143154,0.007969391532242298,0.04841000586748123,0.9289391040802002,0.00833344180136919
갤닉 ㅇㅇ(61.77),,내친구.,"ㅇㅇ(106.255) 2021.11.05 17:51:41
조회 53 추천 0 댓글 0",추천 0,조회 53,2021.11.05 17:51:41,https://gall.dcinside.com/mini/board/view/?id=phsfanclub&no=149&page=2,0.016559023410081863,0.010490596294403076,0.011765046045184135,0.020175108686089516,0.013839262537658215,0.010307332500815392,0.018149686977267265,0.009091383777558804,0.03196646273136139,0.9416729211807251,0.009497566148638725
드가자,,https://krunker.io/?game=SEO:q4wmt,"ㅇㅇ(61.77) 2021.10.29 13:48:15
조회 35 추천 0 댓글 0",추천 0,조회 35,2021.10.29 13:48:15,https://gall.dcinside.com/mini/board/view/?id=phsfanclub&no=148&page=2,0.014751612208783627,0.007919817231595516,0.012032276950776577,0.016147220507264137,0.010632865130901337,0.0074925534427165985,0.01267219614237547,0.008531652390956879,0.04948260635137558,0.9181361794471741,0.007604775484651327
개쓰레기버러지인생,,수면시간6시간,"익명의김x규 2021.10.26 08:01:32
조회 89 추천 1 댓글 6",추천 1,조회 89,2021.10.26 08:01:32,https://gall.dcinside.com/mini/board/view/?id=phsfanclub&no=147&page=2,0.018512770533561707,0.010345821268856525,0.01230097096413374,0.0183184202760458,0.013897665776312351,0.009558825753629208,0.01714744046330452,0.009318962693214417,0.03408322483301163,0.9414682388305664,0.009509707801043987
요!,,커여운 호노삐 보고가 유찬아,"ㅇㅇ(223.38) 2021.10.24 05:05:28
조회 80 추천 5 댓글 1",추천 5,조회 80,2021.10.24 05:05:28,https://gall.dcinside.com/mini/board/view/?id=phsfanclub&no=146&page=2,0.018217850476503372,0.010659689083695412,0.011048028245568275,0.02043970674276352,0.013085444457828999,0.00869580078870058,0.015284168533980846,0.008093075826764107,0.03479788079857826,0.935797929763794,0.008445159532129765
내일점심추천좀요ㅇㅇ?,,네,"익명의김x규 2021.10.23 00:33:16
조회 60 추천 0 댓글 3",추천 0,조회 60,2021.10.23 00:33:16,https://gall.dcinside.com/mini/board/view/?id=phsfanclub&no=145&page=2,0.01709587499499321,0.011025809682905674,0.012766187079250813,0.01895168237388134,0.013483774848282337,0.009514600038528442,0.017748504877090454,0.009025933220982552,0.034722700715065,0.9419898390769958,0.009805353358387947
나변x섭인데,,이유찬솔직히좆같다죽이고싶음,"유동변x섭(8.37) 2021.10.22 23:36:20
조회 137 추천 1 댓글 4",추천 1,조회 137,2021.10.22 23:36:20,https://gall.dcinside.com/mini/board/view/?id=phsfanclub&no=144&page=2,0.034693848341703415,0.02655315212905407,0.016118451952934265,0.012358569540083408,0.007573617156594992,0.009823991917073727,0.009698830544948578,0.046109482645988464,0.8990533947944641,0.028244102373719215,0.00731040770187974
↓무지개반사,,걍 ㅋㅋ,"백운고 이x찬(61.77) 2021.10.21 16:10:04
조회 42 추천 0 댓글 0",추천 0,조회 42,2021.10.21 16:10:04,https://gall.dcinside.com/mini/board/view/?id=phsfanclub&no=143&page=2,0.016011731699109077,0.009336459450423717,0.011329077184200287,0.014845038764178753,0.01239980198442936,0.008586260490119457,0.015391247346997261,0.00886139553040266,0.04447261244058609,0.932964026927948,0.008465608581900597
ㄴ변x섭임,,ㅇ,"ㅇㅇ(61.77) 2021.10.20 14:16:09
조회 57 추천 0 댓글 1",추천 0,조회 57,2021.10.20 14:16:09,https://gall.dcinside.com/mini/board/view/?id=phsfanclub&no=142&page=2,0.018850790336728096,0.011037461459636688,0.012619136832654476,0.01994955912232399,0.014095226302742958,0.010468464344739914,0.018832579255104065,0.009365822188556194,0.03137337043881416,0.9443227648735046,0.010108663700520992
치타는 웃고있다.,,"이사진 보면 뭐가 느껴지나?빠르다고 하는 경주견이라고 해봐야
야생의 치타에게는 고작개일뿐이다.

몇초 늦게 출발하더라도
우월한차이로 따돌릴수 있는 아예 종자가 다른놈이다.

[나]는 현재 치타처럼
고고하게 관망하고 있을뿐이다.
다른 수험생들이 아무리 날뛰어봐야
치타앞의 경주견일뿐 ..
결국 수석은 내가 될게 뻔하다.


나는 밸런스를 위해..
대한민국 수능 발전을 위해..
잠시 쉬어주는것일뿐..

이제 출발한다
수능의 치타 내가..
다른 경주견들은 직감적으로 긴장하기 시작했다...


D-395","닉네임뭐하노 2021.10.18 14:11:44
조회 60 추천 1 댓글 0",추천 1,조회 60,2021.10.18 14:11:44,https://gall.dcinside.com/mini/board/view/?id=phsfanclub&no=141&page=2,0.00899337138980627,0.019225994125008583,0.008112962357699871,0.05130308121442795,0.006645687855780125,0.04220225661993027,0.014668148010969162,0.016841843724250793,0.08440811932086945,0.40479791164398193,0.006220817565917969
슬슬+1을확정지어보실까나,,큭큭,"익명의김x규 2021.10.17 10:31:32
조회 60 추천 1 댓글 1",추천 1,조회 60,2021.10.17 10:31:32,https://gall.dcinside.com/mini/board/view/?id=phsfanclub&no=140&page=2,0.015406046994030476,0.009742524474859238,0.012540632858872414,0.016744019463658333,0.012258924543857574,0.008475475944578648,0.01557184662669897,0.008841360919177532,0.04220408573746681,0.935323178768158,0.008731048554182053
30일정도 남은시점,,걍 奀됬단 생각밖에 안든다,"ㅇㅇ(175.116) 2021.10.17 01:49:24
조회 48 추천 0 댓글 2",추천 0,조회 48,2021.10.17 01:49:24,https://gall.dcinside.com/mini/board/view/?id=phsfanclub&no=139&page=3,0.01156676560640335,0.00580735644325614,0.007919562049210072,0.008069697767496109,0.008468370884656906,0.005589527077972889,0.008450952358543873,0.00837363675236702,0.2381163388490677,0.7517104744911194,0.00532518420368433
영어점수 ㅗㅜㅑ,,29점 애미가 뒤졌노 씨2팔 wwww,"광양(218.233) 2021.10.16 03:59:39
조회 62 추천 0 댓글 2",추천 0,조회 62,2021.10.16 03:59:39,https://gall.dcinside.com/mini/board/view/?id=phsfanclub&no=138&page=3,0.024049675092101097,0.02244775928556919,0.01465724129229784,0.01049470528960228,0.015881018713116646,0.011709022335708141,0.011700401082634926,0.031153522431850433,0.917513370513916,0.033285196870565414,0.00885358452796936
졸립군,,자보실까나,"익명의김x규 2021.10.15 08:33:59
조회 50 추천 0 댓글 4",추천 0,조회 50,2021.10.15 08:33:59,https://gall.dcinside.com/mini/board/view/?id=phsfanclub&no=137&page=3,0.01776806265115738,0.01155980583280325,0.01118143554776907,0.01112198643386364,0.009959769435226917,0.006972163449972868,0.013026539236307144,0.007824020460247993,0.0549314022064209,0.919174313545227,0.007518921047449112
병언가는중,,힝구,"익명의김x규 2021.10.13 13:54:55
조회 37 추천 0 댓글 0",추천 0,조회 37,2021.10.13 13:54:55,https://gall.dcinside.com/mini/board/view/?id=phsfanclub&no=136&page=3,0.01754033751785755,0.011340861208736897,0.012492163106799126,0.019611423835158348,0.014554696157574654,0.011983693577349186,0.0186647716909647,0.009399696253240108,0.029788898304104805,0.9443687200546265,0.010058953426778316
shangus,,"살아있다.
- dc official App","어둠의 이x찬(61.77) 2021.10.13 12:42:38
조회 55 추천 0 댓글 1",추천 0,조회 55,2021.10.13 12:42:38,https://gall.dcinside.com/mini/board/view/?id=phsfanclub&no=135&page=3,0.013485006988048553,0.008493932895362377,0.009711255319416523,0.01669413223862648,0.009022163227200508,0.007711503189057112,0.014050950296223164,0.008135071955621243,0.05277775228023529,0.9132592082023621,0.007023827638477087
이비에스만점마무리를풀어라.,,오직연계만이살길이다수특수완을,"익명의김x규 2021.10.11 00:51:14
조회 40 추천 0 댓글 0",추천 0,조회 40,2021.10.11 00:51:14,https://gall.dcinside.com/mini/board/view/?id=phsfanclub&no=134&page=3,0.014447927474975586,0.009419497102499008,0.012203268706798553,0.015103552490472794,0.010855271480977535,0.008874793536961079,0.01671879179775715,0.007989143952727318,0.04168836027383804,0.9252063035964966,0.007691559381783009
"한양대,오직한양대",,에리카,"익명의김x규 2021.10.11 00:50:39
조회 67 추천 0 댓글 0",추천 0,조회 67,2021.10.11 00:50:39,https://gall.dcinside.com/mini/board/view/?id=phsfanclub&no=133&page=3,0.014796087518334389,0.009207295253872871,0.009994450025260448,0.02210012637078762,0.012221590615808964,0.008992395363748074,0.01681237854063511,0.00826341100037098,0.03693259134888649,0.9320736527442932,0.008347232826054096
나김x규39일전에롤을즐기는남자,,,"익명의김x규 2021.10.11 00:49:42
조회 31 추천 0 댓글 0",추천 0,조회 31,2021.10.11 00:49:42,https://gall.dcinside.com/mini/board/view/?id=phsfanclub&no=132&page=3,0.0,0.0,0.0,0.0,0.0,0.0,0.0,0.0,0.0,0.0,0.0
여기 갤은 이제 원맨갤이노,,wwwwww,"광양(117.111) 2021.10.07 03:21:16
조회 65 추천 0 댓글 1",추천 0,조회 65,2021.10.07 03:21:16,https://gall.dcinside.com/mini/board/view/?id=phsfanclub&no=131&page=3,0.011119579896330833,0.00755109591409564,0.008063452318310738,0.012832021340727806,0.00977909192442894,0.0075089107267558575,0.011614728718996048,0.008030422031879425,0.07834108173847198,0.8888505697250366,0.00668288255110383
꽃이 지고서야 봄인줄 알았읍니다.,,"광양 게이들 다 내신공부하러감?
안보이노ㅜㅜ","닉네임뭐하노 2021.10.06 23:24:49
조회 50 추천 0 댓글 2",추천 0,조회 50,2021.10.06 23:24:49,https://gall.dcinside.com/mini/board/view/?id=phsfanclub&no=130&page=3,0.029653916135430336,0.010793367400765419,0.906996488571167,0.03623846173286438,0.0199683029204607,0.04855598881840706,0.03828130662441254,0.060712117701768875,0.03404749929904938,0.1459508091211319,0.023176992312073708
튜링러브미츠미아땃땃떼토케나이멜로,,됴야,"익명의김x규 2021.10.06 23:02:29
조회 51 추천 0 댓글 2",추천 0,조회 51,2021.10.06 23:02:29,https://gall.dcinside.com/mini/board/view/?id=phsfanclub&no=129&page=3,0.017571818083524704,0.011623452417552471,0.012422656640410423,0.01996826007962227,0.013212932273745537,0.012641781009733677,0.01731710322201252,0.008364581502974033,0.031238000839948654,0.9421537518501282,0.009888364002108574
망갤ㅅㅂ이,,,"익명의김x규 2021.10.06 01:15:04
조회 38 추천 0 댓글 0",추천 0,조회 38,2021.10.06 01:15:04,https://gall.dcinside.com/mini/board/view/?id=phsfanclub&no=128&page=3,0.0,0.0,0.0,0.0,0.0,0.0,0.0,0.0,0.0,0.0,0.0
일찍일어나는법고가삼,,팔아,"익명의김x규 2021.10.04 10:41:45
조회 24 추천 0 댓글 0",추천 0,조회 24,2021.10.04 10:41:45,https://gall.dcinside.com/mini/board/view/?id=phsfanclub&no=127&page=3,0.013544203713536263,0.007618378847837448,0.009463565424084663,0.013341526500880718,0.010648662224411964,0.007154763210564852,0.011880109086632729,0.007964382879436016,0.0639820396900177,0.9029579758644104,0.00708739273250103
47일은서울대를가기엔너무짧은시간이다.,,재수를해라재수만이살,"익명의김x규 2021.10.02 10:58:19
조회 35 추천 0 댓글 0",추천 0,조회 35,2021.10.02 10:58:19,https://gall.dcinside.com/mini/board/view/?id=phsfanclub&no=126&page=3,0.014917297288775444,0.014418292790651321,0.01648291014134884,0.007190144155174494,0.008915279991924763,0.009434319101274014,0.00924751814454794,0.02092704549431801,0.8730480670928955,0.0964946523308754,0.007219474297016859
다메다메다메다메다메,,도야,"익명의김x규 2021.10.02 10:57:12
조회 18 추천 0 댓글 0",추천 0,조회 18,2021.10.02 10:57:12,https://gall.dcinside.com/mini/board/view/?id=phsfanclub&no=125&page=3,0.016920315101742744,0.009628339670598507,0.011243325658142567,0.016892408952116966,0.013149802573025227,0.012670950964093208,0.017006365582346916,0.008922580629587173,0.03427219018340111,0.9368833303451538,0.00904533825814724
4의규칙으로4점을받아라.,,3의규칙으로30점을,"익명의김x규 2021.09.30 23:18:49
조회 27 추천 0 댓글 0",추천 0,조회 27,2021.09.30 23:18:49,https://gall.dcinside.com/mini/board/view/?id=phsfanclub&no=124&page=3,0.01751134730875492,0.011601647362112999,0.013923829421401024,0.017880305647850037,0.013279665261507034,0.010500590316951275,0.017451811581850052,0.009297565557062626,0.03309827670454979,0.9431646466255188,0.009946942329406738
브릿지투킬러로킬러를썰어라,,킬러를,"익명의김x규 2021.09.30 23:17:58
조회 32 추천 0 댓글 1",추천 0,조회 32,2021.09.30 23:17:58,https://gall.dcinside.com/mini/board/view/?id=phsfanclub&no=123&page=3,0.016839489340782166,0.009475181810557842,0.01011357456445694,0.017984196543693542,0.012671743519604206,0.009151428006589413,0.01607675664126873,0.008775732479989529,0.03746651113033295,0.93474280834198,0.008425301872193813
기하이는 삼수선의 정리로 삼수생을 썰어버린다.,,재수를해라재수만이구원,"익명의김x규 2021.09.28 20:32:27
조회 30 추천 0 댓글 0",추천 0,조회 30,2021.09.28 20:32:27,https://gall.dcinside.com/mini/board/view/?id=phsfanclub&no=122&page=3,0.013258669525384903,0.011701553128659725,0.014964395202696323,0.007321846205741167,0.008213805966079235,0.010667282156646252,0.008681368082761765,0.020356828346848488,0.8511818051338196,0.11816317588090897,0.006986367050558329
선배들 질문있음다,,윤사쌤이 우리학교 1.9면 중앙대 못쓴다던데 ㄹㅇ임? 아님 MSG?,"ㅇㅇ(1.241) 2021.09.25 22:18:27
조회 73 추천 0 댓글 2",추천 0,조회 73,2021.09.25 22:18:27,https://gall.dcinside.com/mini/board/view/?id=phsfanclub&no=121&page=3,0.016571031883358955,0.007412894628942013,0.01044623926281929,0.012422673404216766,0.010176158510148525,0.01034944411367178,0.012935149483382702,0.0115734301507473,0.04840858653187752,0.9091385006904602,0.007436217274516821
의왕게이들아,,너희는 학교 가노? 아님 온라인이노?,"광양(223.39) 2021.09.24 22:43:59
조회 118 추천 0 댓글 1",추천 0,조회 118,2021.09.24 22:43:59,https://gall.dcinside.com/mini/board/view/?id=phsfanclub&no=120&page=3,0.012981031090021133,0.008007518947124481,0.01060511078685522,0.01207283977419138,0.010794715955853462,0.007706222124397755,0.014210289344191551,0.008560426533222198,0.057326771318912506,0.9115143418312073,0.0069122351706027985
6반한명왓다노ㅋㅋ,,가정학습개좆됫다노ㅋㅋ,"공부안하는어둠의변x섭(61.77) 2021.09.23 15:28:42
조회 80 추천 0 댓글 0",추천 0,조회 80,2021.09.23 15:28:42,https://gall.dcinside.com/mini/board/view/?id=phsfanclub&no=119&page=3,0.014149924740195274,0.01428047101944685,0.006860645487904549,0.010955524630844593,0.005499251186847687,0.006009133532643318,0.006752017419785261,0.014947021380066872,0.683060348033905,0.3022904694080353,0.00498342327773571
노 .,,현,"ㅇㅇ(61.77) 2021.09.23 15:28:02
조회 39 추천 0 댓글 0",추천 0,조회 39,2021.09.23 15:28:02,https://gall.dcinside.com/mini/board/view/?id=phsfanclub&no=118&page=3,0.018034828826785088,0.011043403297662735,0.011708620935678482,0.019003385677933693,0.013752534985542297,0.010706564411520958,0.017795711755752563,0.009306197054684162,0.0319320484995842,0.9422685503959656,0.009681480005383492
무 .,,무,"ㅇㅇ(61.77) 2021.09.23 15:27:49
조회 28 추천 0 댓글 0",추천 0,조회 28,2021.09.23 15:27:49,https://gall.dcinside.com/mini/board/view/?id=phsfanclub&no=117&page=3,0.015881799161434174,0.010639619082212448,0.011911087669432163,0.015868064016103745,0.012564736418426037,0.008727635256946087,0.01675555855035782,0.008984753862023354,0.03929637745022774,0.9340122938156128,0.008700051344931126
현 .,,노,"ㅇㅇ(61.77) 2021.09.23 15:27:35
조회 22 추천 0 댓글 0",추천 0,조회 22,2021.09.23 15:27:35,https://gall.dcinside.com/mini/board/view/?id=phsfanclub&no=116&page=3,0.01628263108432293,0.01050154585391283,0.011104436591267586,0.015463372692465782,0.013119654729962349,0.008653659373521805,0.01534776296466589,0.008885600604116917,0.04244431480765343,0.9350202679634094,0.0089613301679492
올어바웃을 작년에 깨우쳤다면...,,올해는 달랐을까,"ㅇㅇ(175.121) 2021.09.22 13:31:24
조회 69 추천 0 댓글 1",추천 0,조회 69,2021.09.22 13:31:24,https://gall.dcinside.com/mini/board/view/?id=phsfanclub&no=115&page=3,0.015192066319286823,0.010123203508555889,0.010342703200876713,0.017500216141343117,0.013712280429899693,0.010499515570700169,0.017115460708737373,0.008340982720255852,0.03604289889335632,0.9349494576454163,0.008973462507128716
일기장쓸게없음어캄,,가질사람어디잇냐노ㅠㅠ,"익명의김x규 2021.09.22 01:19:07
조회 53 추천 0 댓글 2",추천 0,조회 53,2021.09.22 01:19:07,https://gall.dcinside.com/mini/board/view/?id=phsfanclub&no=114&page=3,0.013799900189042091,0.007598220836371183,0.009628263302147388,0.010993804782629013,0.010585370473563671,0.006519246380776167,0.01077959407120943,0.008352088741958141,0.07447490096092224,0.8943235278129578,0.00675969710573554
주딱아 고맙다잇,,너의 냥이 펀치콘 내가 쓰니깐 우리 백운고 전부가 다 이거 쓴다 ㅋㅋㅋ,"광양(223.62) 2021.09.20 22:18:57
조회 51 추천 0 댓글 4",추천 0,조회 51,2021.09.20 22:18:57,https://gall.dcinside.com/mini/board/view/?id=phsfanclub&no=113&page=3,0.01976124569773674,0.009371482767164707,0.00975163746625185,0.015692951157689095,0.009633279405534267,0.005738067906349897,0.012020871043205261,0.0075756097212433815,0.05753243342041969,0.9165443778038025,0.00711292726919055
추석에 공부안하면 내년 설날에 공부한다.,,반박시 인정,"ㅇㅇ(175.121) 2021.09.19 21:32:30
조회 68 추천 1 댓글 1",추천 1,조회 68,2021.09.19 21:32:30,https://gall.dcinside.com/mini/board/view/?id=phsfanclub&no=112&page=3,0.015076414681971073,0.009356660768389702,0.00945543497800827,0.016939423978328705,0.011648525483906269,0.008902695961296558,0.013572724536061287,0.00867320504039526,0.0415983609855175,0.9244738221168518,0.007713149301707745
개추와 비추가 동시에 달리는 짤,,ㅇㅇ,"ㅇㅇ(175.116) 2021.09.16 09:05:05
조회 260 추천 8 댓글 6",추천 8,조회 260,2021.09.16 09:05:05,https://gall.dcinside.com/mini/board/view/?id=phsfanclub&no=110&page=3,0.018820608034729958,0.010875094681978226,0.012896954081952572,0.0193681251257658,0.013796991668641567,0.009628367610275745,0.017667455598711967,0.009166287258267403,0.033118028193712234,0.9421525597572327,0.009942768141627312
갤이 뒤졌노,,주딱 게이야 이럴꼬면 의왕똥꼬 버리고 광양으로 붙어라 이기,"광양(117.111) 2021.09.15 22:41:49
조회 51 추천 1 댓글 2",추천 1,조회 51,2021.09.15 22:41:49,https://gall.dcinside.com/mini/board/view/?id=phsfanclub&no=109&page=3,0.01686873845756054,0.0212442297488451,0.6954416036605835,0.06697452068328857,0.00770782632753253,0.05449109151959419,0.030550329014658928,0.018066447228193283,0.05470934137701988,0.0786658450961113,0.012716947123408318
나념글가고싶은데개추좀ㅇㅇ,,념글안가면광양다차단박음,"익명의김x규 2021.09.13 17:56:29
조회 126 추천 7 댓글 6",추천 7,조회 126,2021.09.13 17:56:29,https://gall.dcinside.com/mini/board/view/?id=phsfanclub&no=108&page=3,0.009980512782931328,0.005376662127673626,0.011034402064979076,0.057326313108205795,0.005855171009898186,0.11583801358938217,0.010107219219207764,0.010994650423526764,0.07441443204879761,0.4165244698524475,0.006344398949295282
어씨발이거뭐냐,,"1
이미지 순서 ON

이런씨발홍어새끼들이엿노????????
왠지뒷통수가얼얼하다햇노씨이발민주화당할뻔","익명의김x규 2021.09.11 23:14:10
조회 118 추천 0 댓글 5",추천 0,조회 118,2021.09.11 23:14:10,https://gall.dcinside.com/mini/board/view/?id=phsfanclub&no=107&page=3,0.02115604840219021,0.03671173378825188,0.03521471470594406,0.049619365483522415,0.03366843983530998,0.9274380207061768,0.024498021230101585,0.03939127177000046,0.0257898960262537,0.03146142512559891,0.021433740854263306
하와와,,광양에는 없는 학교 풍경,"ㅇㅇ(180.70) 2021.09.11 19:19:40
조회 169 추천 12 댓글 5",추천 12,조회 169,2021.09.11 19:19:40,https://gall.dcinside.com/mini/board/view/?id=phsfanclub&no=106&page=3,0.012469084933400154,0.0072992523200809956,0.011009707115590572,0.021504521369934082,0.012089730240404606,0.02884986437857151,0.018208131194114685,0.009888998232781887,0.02674550749361515,0.905495285987854,0.008594777435064316
저는사실광양백운고다노ㅠㅠㅠㅠㅠㅠ,,3학년김x규라노ㅠㅠㅠㅠㅠㅠㅠㅠㅠㅠ,"익명의김x규 2021.09.11 17:44:17
조회 110 추천 1 댓글 1",추천 1,조회 110,2021.09.11 17:44:17,https://gall.dcinside.com/mini/board/view/?id=phsfanclub&no=105&page=3,0.013799900189042091,0.007598220836371183,0.009628263302147388,0.010993804782629013,0.010585370473563671,0.006519246380776167,0.01077959407120943,0.008352088741958141,0.07447490096092224,0.8943235278129578,0.00675969710573554
광양백운고 글좀 막아라,,시발,"백운(175.121) 2021.09.11 16:58:07
조회 205 추천 5 댓글 1",추천 5,조회 205,2021.09.11 16:58:07,https://gall.dcinside.com/mini/board/view/?id=phsfanclub&no=104&page=3,0.017018277198076248,0.012712398543953896,0.01745673455297947,0.012965124100446701,0.012750836089253426,0.011575311422348022,0.013615853153169155,0.026125814765691757,0.9111105799674988,0.05007566139101982,0.008734635077416897
오명환 교장님 사랑해요,,,"ㅇㅇ(58.231) 2021.09.11 09:28:09
조회 87 추천 0 댓글 0",추천 0,조회 87,2021.09.11 09:28:09,https://gall.dcinside.com/mini/board/view/?id=phsfanclub&no=103&page=3,0.0,0.0,0.0,0.0,0.0,0.0,0.0,0.0,0.0,0.0,0.0
백운고 이벤트 공지,,"교복 또는 검은색 슬랙스를 가장 성실하게 입고 온 반에게 매달 마지막 주에 치킨을 드립니다!

https://www.youtube.com/watch?v=7Z9kHLtAZ4Q","ㅇㅇ(218.233) 2021.09.11 01:06:29
조회 153 추천 4 댓글 3",추천 4,조회 153,2021.09.11 01:06:29,https://gall.dcinside.com/mini/board/view/?id=phsfanclub&no=102&page=3,0.013620560057461262,0.008298082277178764,0.030642246827483177,0.011490139178931713,0.007862113416194916,0.00484473817050457,0.00971970520913601,0.007653207518160343,0.10458578169345856,0.8289228677749634,0.0069032954052090645
학원이랑인강도순공시간포함해주세요ㅠㅠㅠㅠㅠㅠㅠㅠㅠ,,하루더빠짐없이12시간이다노ㅠㅠㅠㅠㅠㅠㅠㅠㅠㅍ,"익명의김x규 2021.09.10 18:00:00
조회 47 추천 0 댓글 0",추천 0,조회 47,2021.09.10 18:00:00,https://gall.dcinside.com/mini/board/view/?id=phsfanclub&no=101&page=3,0.013799900189042091,0.007598220836371183,0.009628263302147388,0.010993804782629013,0.010585370473563671,0.006519246380776167,0.01077959407120943,0.008352088741958141,0.07447490096092224,0.8943235278129578,0.00675969710573554
광양백운고←근본없는 진짜이유,,얘네 원래 이름 동광양고등학교였음 ㅇㅇ,"ㅇㅇ(61.77) 2021.09.09 15:24:15
조회 225 추천 2 댓글 4",추천 2,조회 225,2021.09.09 15:24:15,https://gall.dcinside.com/mini/board/view/?id=phsfanclub&no=100&page=3,0.018600469455122948,0.006387413013726473,0.020725030452013016,0.032205648720264435,0.01605757139623165,0.06682369858026505,0.019133027642965317,0.012751879170536995,0.018019525334239006,0.8564424514770508,0.010349815711379051
shangus ^^ㅣ발아 교실에서 마스크좀 써라,,너만 벗고 있잖아 ^^ㅣ발,"ㅇㅇ(61.77) 2021.09.09 15:22:09
조회 79 추천 1 댓글 2",추천 1,조회 79,2021.09.09 15:22:09,https://gall.dcinside.com/mini/board/view/?id=phsfanclub&no=99&page=3,0.011259525083005428,0.006989162415266037,0.015988817438483238,0.005970889702439308,0.00875150877982378,0.004529839847236872,0.006988046690821648,0.008146552368998528,0.33662497997283936,0.6589696407318115,0.005857444368302822
가정 학습 다 쓰면 내신 챙기는 년들은 밥 누구랑 먹음?,,시발,"ㅇㅇ(61.77) 2021.09.09 15:20:07
조회 86 추천 0 댓글 5",추천 0,조회 86,2021.09.09 15:20:07,https://gall.dcinside.com/mini/board/view/?id=phsfanclub&no=98&page=3,0.017018277198076248,0.012712398543953896,0.01745673455297947,0.012965124100446701,0.012750836089253426,0.011575311422348022,0.013615853153169155,0.026125814765691757,0.9111105799674988,0.05007566139101982,0.008734635077416897
솔직히 의왕보다 광양이 호감이다노ㅠㅠ,,똥글똥댓다안쌈스레기들,"익명의김x규 2021.09.08 16:55:53
조회 108 추천 0 댓글 2",추천 0,조회 108,2021.09.08 16:55:53,https://gall.dcinside.com/mini/board/view/?id=phsfanclub&no=97&page=3,0.019605370238423347,0.03626824542880058,0.1030532717704773,0.010156668722629547,0.015082597732543945,0.005259435623884201,0.005697804968804121,0.06011691316962242,0.6267720460891724,0.04078430309891701,0.007385700941085815
(의왕)백운고 가정학습 언제부터되는거임?,,"알려""줘""","호감유동이되고싶어(61.77) 2021.09.08 11:30:43
조회 75 추천 0 댓글 2",추천 0,조회 75,2021.09.08 11:30:43,https://gall.dcinside.com/mini/board/view/?id=phsfanclub&no=96&page=3,0.014890874736011028,0.009168310090899467,0.009499899111688137,0.013066965155303478,0.009710327722132206,0.007163453381508589,0.012024655938148499,0.007881668396294117,0.057084694504737854,0.909906268119812,0.007013597991317511
*** 집중을 위한 빗소리 + 뇌파소리 (바이노럴비트) ***,,"https://youtu.be/oFPiKwt3A10
- dc official App","Jamjali(66.30) 2021.09.07 03:41:45
조회 35 추천 0 댓글 1",추천 0,조회 35,2021.09.07 03:41:45,https://gall.dcinside.com/mini/board/view/?id=phsfanclub&no=95&page=3,0.01510331779718399,0.007887952029705048,0.013936071656644344,0.016173111274838448,0.009246019646525383,0.006221218965947628,0.011378073133528233,0.008570970967411995,0.05969652906060219,0.9074506163597107,0.007298907730728388
백운고 원격수업 개꿀,,확진자 20명 나와서 집 와서 원격수업 함 엌ㅋㅋ,"광양(218.233) 2021.09.06 12:46:56
조회 50 추천 0 댓글 0",추천 0,조회 50,2021.09.06 12:46:56,https://gall.dcinside.com/mini/board/view/?id=phsfanclub&no=94&page=3,0.014607553370296955,0.00796134676784277,0.010814663022756577,0.01521801296621561,0.011269643902778625,0.00805381964892149,0.013557874597609043,0.008414214476943016,0.049151238054037094,0.9213124513626099,0.007575090508908033
호감수업물2는개추야ㅋㅋ,,깔깔ㅋㅋ,"익명의김x규 2021.09.06 11:20:34
조회 54 추천 0 댓글 2",추천 0,조회 54,2021.09.06 11:20:34,https://gall.dcinside.com/mini/board/view/?id=phsfanclub&no=93&page=3,0.01762484572827816,0.011818649247288704,0.013187181204557419,0.017496993765234947,0.013572053983807564,0.009922608733177185,0.017011571675539017,0.008857877925038338,0.033698227256536484,0.9421834945678711,0.009702494367957115
주딱더귀찮다주딱할사람,,"검증된앰창인생병신만이할수잇워용







3디시콘 보기
ㄹㅇ줄거닉가말해ㅇㅇ","익명의김x규 2021.09.03 20:51:51
조회 54 추천 3 댓글 3",추천 3,조회 54,2021.09.03 20:51:51,https://gall.dcinside.com/mini/board/view/?id=phsfanclub&no=92&page=3,0.04644715040922165,0.3567299544811249,0.01850908249616623,0.00597933167591691,0.06125617027282715,0.007432378362864256,0.010435303673148155,0.15100939571857452,0.42692503333091736,0.023078767582774162,0.011774563230574131
76일 남은 시점... 여기 주면 가냐?,,주면 절하면서 가지 ㅋㅋ,"닉네임뭐하노 2021.09.03 15:15:50
조회 93 추천 0 댓글 0",추천 0,조회 93,2021.09.03 15:15:50,https://gall.dcinside.com/mini/board/view/?id=phsfanclub&no=91&page=3,0.007094386033713818,0.006911083590239286,0.006569328717887402,0.01075803954154253,0.007396611850708723,0.00646952772513032,0.013216805644333363,0.00840954203158617,0.33966729044914246,0.6077970266342163,0.0054321084171533585
본인이,,졸업사진 찍어서 신나는 의왕백운게이면 개추ㅋㅋㅋㅋㅋㅋㅋㅋ,"ㅇㅇ(61.77) 2021.09.03 14:12:36
조회 97 추천 3 댓글 2",추천 3,조회 97,2021.09.03 14:12:36,https://gall.dcinside.com/mini/board/view/?id=phsfanclub&no=90&page=3,0.02243141084909439,0.04291291534900665,0.007904093712568283,0.005070304963737726,0.008872340433299541,0.006183430086821318,0.004748286213725805,0.01013126876205206,0.3428274989128113,0.36530089378356934,0.004377142991870642
저희광양백운고는의왕백운고분들에게충성을맹세한다노ㅠㅠㅠㅠㅠ,,ㄹ유ㅠㅠㅠㅠㅠ,"익명의광양(61.77) 2021.09.03 11:18:54
조회 220 추천 5 댓글 4",추천 5,조회 220,2021.09.03 11:18:54,https://gall.dcinside.com/mini/board/view/?id=phsfanclub&no=89&page=3,0.013799900189042091,0.007598220836371183,0.009628263302147388,0.010993804782629013,0.010585370473563671,0.006519246380776167,0.01077959407120943,0.008352088741958141,0.07447490096092224,0.8943235278129578,0.00675969710573554
광양 게이들만 봥,,공부나 해라ㅋㅋㅋㅋㅋㅋㅋㅋㅋ,"ㅇㅇ(180.70) 2021.09.02 23:08:27
조회 286 추천 15 댓글 6",추천 15,조회 286,2021.09.02 23:08:27,https://gall.dcinside.com/mini/board/view/?id=phsfanclub&no=88&page=4,0.010028064250946045,0.008593090809881687,0.00815503764897585,0.0072046671994030476,0.011171529069542885,0.005661132745444775,0.009293538518249989,0.012844325043261051,0.6827917098999023,0.3545480966567993,0.006256813649088144
생각해보니 1년 더 하는것도 나쁘지 않은것같다,,시발ㅋㅋ,"닉네임뭐하노 2021.09.02 21:58:48
조회 58 추천 0 댓글 1",추천 0,조회 58,2021.09.02 21:58:48,https://gall.dcinside.com/mini/board/view/?id=phsfanclub&no=87&page=4,0.018573537468910217,0.013443689793348312,0.017325259745121002,0.012834243476390839,0.01255105435848236,0.01147390715777874,0.013782615773379803,0.025674201548099518,0.9160861372947693,0.05031142383813858,0.008836369030177593
충격고백)단또올린거나임ㅠㅠㅠㅠ,,김x재가시작햇음,"익명의김x규 2021.09.02 15:37:36
조회 63 추천 0 댓글 3",추천 0,조회 63,2021.09.02 15:37:36,https://gall.dcinside.com/mini/board/view/?id=phsfanclub&no=86&page=4,0.019558660686016083,0.010687272995710373,0.01269660796970129,0.02023719809949398,0.014804077334702015,0.011861120350658894,0.018226632848381996,0.009394081309437752,0.02831302396953106,0.9432157278060913,0.009783669374883175
정보실노트북개씹상땃쥐노ㄷㄷㄷㄷㄷㄷㄷㄷㄷㄷㄷㄷㄷㄷㄷㄷ,,이게백운고?????????????????????????????(의왕),"익명의김x규 2021.09.02 14:56:19
조회 66 추천 1 댓글 2",추천 1,조회 66,2021.09.02 14:56:19,https://gall.dcinside.com/mini/board/view/?id=phsfanclub&no=85&page=4,0.01612802781164646,0.009550158865749836,0.011639025993645191,0.014027968049049377,0.010624050162732601,0.009476949460804462,0.014769995585083961,0.008796353824436665,0.04700382053852081,0.9299794435501099,0.008257610723376274
9모개처럼멸망ㅋㅋㅋㅋㅋㅋㅋ,,,"익명의김x규 2021.09.02 08:00:55
조회 36 추천 0 댓글 0",추천 0,조회 36,2021.09.02 08:00:55,https://gall.dcinside.com/mini/board/view/?id=phsfanclub&no=84&page=4,0.0,0.0,0.0,0.0,0.0,0.0,0.0,0.0,0.0,0.0,0.0
응애,,공부하기 시러,"ㅇㅇ(180.70) 2021.08.31 23:32:12
조회 46 추천 2 댓글 1",추천 2,조회 46,2021.08.31 23:32:12,https://gall.dcinside.com/mini/board/view/?id=phsfanclub&no=83&page=4,0.010954992845654488,0.007427244447171688,0.007853863760828972,0.0076745422556996346,0.009876003488898277,0.005532375071197748,0.008680342696607113,0.008716552518308163,0.16740712523460388,0.808930516242981,0.0056779030710458755
졸려서 공부를못하겠노,,야발,"닉네임뭐하노 2021.08.31 18:40:46
조회 49 추천 0 댓글 1",추천 0,조회 49,2021.08.31 18:40:46,https://gall.dcinside.com/mini/board/view/?id=phsfanclub&no=82&page=4,0.011701884679496288,0.012163086794316769,0.011565238237380981,0.007551081944257021,0.008140459656715393,0.004688756074756384,0.008225969038903713,0.010338486172258854,0.6581342220306396,0.32627785205841064,0.005590791814029217
9모별로걱정안되면개추ㅋㅋㅋㅋ,,공부안함.,"익명의김x규 2021.08.30 20:22:34
조회 82 추천 5 댓글 5",추천 5,조회 82,2021.08.30 20:22:34,https://gall.dcinside.com/mini/board/view/?id=phsfanclub&no=81&page=4,0.014497031457722187,0.006863111164420843,0.008763574995100498,0.009480893611907959,0.01157311350107193,0.0068788244388997555,0.011756129562854767,0.01017382089048624,0.0729026272892952,0.8888990879058838,0.006510200910270214
생명과학1 공부하기 ㅈㄴ 싫네요,,물리할걸 시발,"ㅇㅇ(175.121) 2021.08.30 19:36:29
조회 54 추천 0 댓글 3",추천 0,조회 54,2021.08.30 19:36:29,https://gall.dcinside.com/mini/board/view/?id=phsfanclub&no=80&page=4,0.021766534075140953,0.015997201204299927,0.017161784693598747,0.010503176599740982,0.009766628034412861,0.009010003879666328,0.01189356204122305,0.02764901891350746,0.9087460041046143,0.050189606845378876,0.00735273165628314
나의 수학 공부 방법,,수학 수시 정시 둘 다 안들어가서 수학 시간 때 자면 됩니다 ㅋㅋㄹㅃㅃ,"슈갤나 2021.08.29 13:28:08
조회 110 추천 5 댓글 3",추천 5,조회 110,2021.08.29 13:28:08,https://gall.dcinside.com/mini/board/view/?id=phsfanclub&no=79&page=4,0.01878415048122406,0.009624389931559563,0.008620807901024818,0.009143548086285591,0.0086887301877141,0.006388411857187748,0.009454341605305672,0.00831647403538227,0.07910387963056564,0.8856130838394165,0.006202638614922762
나방금일남ㅋㅋㅋㅋㅋㅋㅋㅋㅋㅋ,,시간버그냐,"익명의김x규 2021.08.29 12:00:50
조회 51 추천 0 댓글 5",추천 0,조회 51,2021.08.29 12:00:50,https://gall.dcinside.com/mini/board/view/?id=phsfanclub&no=78&page=4,0.01602695882320404,0.009454527869820595,0.010213502682745457,0.015929067507386208,0.013235725462436676,0.0091520631685853,0.015467996709048748,0.0087276017293334,0.04000600799918175,0.9320545196533203,0.00837621372193098
본인이 인사시켜놓고 안보는 현주면 개추,,일단 나부터ㅋㅋㅋㅋㅋㅋㅋㅋㅋ,"ㅇㅇ(180.70) 2021.08.28 18:57:12
조회 157 추천 16 댓글 5",추천 16,조회 157,2021.08.28 18:57:12,https://gall.dcinside.com/mini/board/view/?id=phsfanclub&no=77&page=4,0.015770958736538887,0.010444878600537777,0.012189509347081184,0.016177527606487274,0.014235923998057842,0.009925260208547115,0.015756716951727867,0.008231942541897297,0.04079723358154297,0.9398131966590881,0.009073085151612759
얼리버드공부입갤ㅋㅋㅋㅋㅋㅋㅋㅋㅋㅋ,,,"익명의김x규 2021.08.28 07:53:52
조회 39 추천 1 댓글 2",추천 1,조회 39,2021.08.28 07:53:52,https://gall.dcinside.com/mini/board/view/?id=phsfanclub&no=76&page=4,0.0,0.0,0.0,0.0,0.0,0.0,0.0,0.0,0.0,0.0,0.0
지구실모추천해줄사람@@,,문과는나가,"익명의김x규 2021.08.28 00:02:10
조회 54 추천 0 댓글 2",추천 0,조회 54,2021.08.28 00:02:10,https://gall.dcinside.com/mini/board/view/?id=phsfanclub&no=75&page=4,0.016273796558380127,0.009901504032313824,0.011258921585977077,0.016691580414772034,0.014418224804103374,0.010117938742041588,0.016340242698788643,0.009762412868440151,0.033119335770606995,0.9322770833969116,0.008713834919035435
하와와,,나 여고생쟝,"ㅇㅇ(180.70) 2021.08.27 23:17:37
조회 47 추천 3 댓글 2",추천 3,조회 47,2021.08.27 23:17:37,https://gall.dcinside.com/mini/board/view/?id=phsfanclub&no=74&page=4,0.02558778040111065,0.01187902968376875,0.01213065069168806,0.016725385561585426,0.013184351846575737,0.00961528904736042,0.014146707020699978,0.008681717328727245,0.03253769502043724,0.9371498227119446,0.008725401014089584
러셀 quel 국어 h 2회후기,,"1회보다좋앗음

잘잣다비문학23지문에서8갠가나감

문학화작다맞앗는데씨이발","익명의김x규 2021.08.27 20:02:54
조회 149 추천 5 댓글 2",추천 5,조회 149,2021.08.27 20:02:54,https://gall.dcinside.com/mini/board/view/?id=phsfanclub&no=73&page=4,0.02166692167520523,0.01624566689133644,0.011208202689886093,0.012294311076402664,0.006902707275003195,0.0064011490903794765,0.012307223863899708,0.022127564996480942,0.8477320671081543,0.07224462926387787,0.005929272621870041
사문탐<<<<<좆같으면 개추,,,"ㅇㅇ(121.190) 2021.08.27 17:40:09
조회 144 추천 18 댓글 1",추천 18,조회 144,2021.08.27 17:40:09,https://gall.dcinside.com/mini/board/view/?id=phsfanclub&no=71&page=4,0.0,0.0,0.0,0.0,0.0,0.0,0.0,0.0,0.0,0.0,0.0
야나xx인데,,배고프다.,"ㅇㅇ(61.77) 2021.08.27 15:17:21
조회 44 추천 1 댓글 1",추천 1,조회 44,2021.08.27 15:17:21,https://gall.dcinside.com/mini/board/view/?id=phsfanclub&no=69&page=4,0.015498015098273754,0.00973089225590229,0.010199903510510921,0.018836703151464462,0.013481172733008862,0.009348570369184017,0.016985652968287468,0.00901089422404766,0.037768810987472534,0.9367183446884155,0.008891141042113304
사문탐 ← 교과서 없으면 개추 ㅋㅋ,,일단 난 아님,"ㅇㅇ(61.77) 2021.08.27 14:56:07
조회 122 추천 1 댓글 1",추천 1,조회 122,2021.08.27 14:56:07,https://gall.dcinside.com/mini/board/view/?id=phsfanclub&no=68&page=4,0.01647842675447464,0.010607237927615643,0.012757176533341408,0.018672093749046326,0.013920518569648266,0.010236159898340702,0.016899315640330315,0.008891254663467407,0.035469066351652145,0.9425782561302185,0.00961421336978674
파딱 좀,,파딱 안주면 vpn키고 할카스 달린다,"shangus(61.77) 2021.08.27 14:22:02
조회 58 추천 0 댓글 2",추천 0,조회 58,2021.08.27 14:22:02,https://gall.dcinside.com/mini/board/view/?id=phsfanclub&no=67&page=4,0.017172321677207947,0.008821292780339718,0.0105596287176013,0.01605006866157055,0.010842928662896156,0.006433199625462294,0.010708756744861603,0.007477611303329468,0.0520620122551918,0.910987913608551,0.007047312334179878
광양백운고필독@@@@@@@@@@@@@,,"https://gall.dcinside.com/mgallery/board/view/?id=baekunhs&no=28&page=1


너네가져","익명의김x규 2021.08.27 14:20:42
조회 130 추천 2 댓글 5",추천 2,조회 130,2021.08.27 14:20:42,https://gall.dcinside.com/mini/board/view/?id=phsfanclub&no=66&page=4,0.016961878165602684,0.007325513754040003,0.01523704081773758,0.013321926817297935,0.006628485396504402,0.0037802320439368486,0.006689782720059156,0.011191526427865028,0.15214663743972778,0.7758594751358032,0.005986441858112812
파딱좀,,갤주 옆자리에 있어용,"ㅇㅇ(61.77) 2021.08.27 14:18:50
조회 34 추천 0 댓글 1",추천 0,조회 34,2021.08.27 14:18:50,https://gall.dcinside.com/mini/board/view/?id=phsfanclub&no=65&page=4,0.01696629263460636,0.011083437129855156,0.012436176650226116,0.018374599516391754,0.014519673772156239,0.01100093126296997,0.01667116768658161,0.008630594238638878,0.033032432198524475,0.9422093033790588,0.009784518741071224
응애 나 애기,,,"ㅇㅇ(180.70) 2021.08.27 00:43:00
조회 45 추천 0 댓글 1",추천 0,조회 45,2021.08.27 00:43:00,https://gall.dcinside.com/mini/board/view/?id=phsfanclub&no=64&page=4,0.0,0.0,0.0,0.0,0.0,0.0,0.0,0.0,0.0,0.0,0.0
"파딱 ""줘""",,"갤주야 인증해야되냐 굳이
사실상 창립멤버인데","닉네임뭐하노 2021.08.27 00:41:26
조회 53 추천 0 댓글 1",추천 0,조회 53,2021.08.27 00:41:26,https://gall.dcinside.com/mini/board/view/?id=phsfanclub&no=63&page=4,0.01876736991107464,0.010932366363704205,0.012395256198942661,0.01740795001387596,0.011283104307949543,0.008331644348800182,0.014096240513026714,0.008553088642656803,0.03638842701911926,0.9333594441413879,0.008624006994068623
진정한 백운인 인증합니다,,"광양백운고 학생입니다.
파딱 내놔","슈갤나 2021.08.26 16:02:08
조회 233 추천 6 댓글 3",추천 6,조회 233,2021.08.26 16:02:08,https://gall.dcinside.com/mini/board/view/?id=phsfanclub&no=62&page=4,0.015249702148139477,0.008740337565541267,0.010612637735903263,0.015196512453258038,0.01155062299221754,0.010541294701397419,0.012439591810107231,0.008129947818815708,0.042815107852220535,0.9190734028816223,0.007790411822497845
파딱할사람@@@@@@,,검증된 백운인만 가능합디다,"익명의김x규 2021.08.26 15:07:07
조회 51 추천 0 댓글 1",추천 0,조회 51,2021.08.26 15:07:07,https://gall.dcinside.com/mini/board/view/?id=phsfanclub&no=61&page=4,0.01616262085735798,0.012268709018826485,0.01298481784760952,0.021645812317728996,0.013581977225840092,0.010669702664017677,0.018920617178082466,0.009045159444212914,0.03084491193294525,0.944659948348999,0.010230363346636295
백운고등학교 갤러리는 백운고 학생의 것,,고로 이 갤러리는 광양백운고의 것이기도 하지요,"광양(117.111) 2021.08.25 23:33:45
조회 191 추천 5 댓글 2",추천 5,조회 191,2021.08.25 23:33:45,https://gall.dcinside.com/mini/board/view/?id=phsfanclub&no=60&page=4,0.024064524099230766,0.014725071378052235,0.012162577360868454,0.019136587157845497,0.00906197540462017,0.012069359421730042,0.011339224874973297,0.008231021463871002,0.03065575286746025,0.9059783220291138,0.008455906994640827
내일기장인데뭔니들꺼임??????????????,,,"익명의김x규 2021.08.25 20:16:20
조회 92 추천 6 댓글 0",추천 6,조회 92,2021.08.25 20:16:20,https://gall.dcinside.com/mini/board/view/?id=phsfanclub&no=59&page=4,0.0,0.0,0.0,0.0,0.0,0.0,0.0,0.0,0.0,0.0,0.0
아니 ㅅㅂ 갤러리이름 못바꾸노?,,광양백운고는 철수하시기 바랍니다,"ㅇㅇ(175.116) 2021.08.25 17:24:42
조회 82 추천 1 댓글 0",추천 1,조회 82,2021.08.25 17:24:42,https://gall.dcinside.com/mini/board/view/?id=phsfanclub&no=58&page=4,0.012867423705756664,0.008574355393648148,0.011788231320679188,0.023063095286488533,0.013074204325675964,0.016517367213964462,0.01785586215555668,0.008909737691283226,0.02930656261742115,0.9265839457511902,0.009049690328538418
여긴 이제부터 광양백운고 갤러리다,,그렇게 알아라,"ㅇㅇ(117.111) 2021.08.25 13:24:25
조회 169 추천 5 댓글 2",추천 5,조회 169,2021.08.25 13:24:25,https://gall.dcinside.com/mini/board/view/?id=phsfanclub&no=57&page=4,0.01294937264174223,0.0074721346609294415,0.008773363195359707,0.012153482995927334,0.010381238535046577,0.006788619793951511,0.011907839216291904,0.007749795913696289,0.07581891864538193,0.8984959721565247,0.006932073272764683
수시공부가정시공부야~,,생기부정시에도들어가~,"익명의김x규 2021.08.24 22:21:27
조회 43 추천 1 댓글 0",추천 1,조회 43,2021.08.24 22:21:27,https://gall.dcinside.com/mini/board/view/?id=phsfanclub&no=56&page=4,0.016277017071843147,0.008959555998444557,0.01158609613776207,0.012794878333806992,0.01100056804716587,0.008303769864141941,0.012344875372946262,0.0090698366984725,0.04822621867060661,0.9197559356689453,0.007477823179215193
형들,,내신 2후~3초중 나오면 어디까지 됨? 수원대나 숭실대 ㄱㄴ?,"ㅇㅇ(1.241) 2021.08.24 04:35:15
조회 94 추천 1 댓글 5",추천 1,조회 94,2021.08.24 04:35:15,https://gall.dcinside.com/mini/board/view/?id=phsfanclub&no=55&page=4,0.023165656253695488,0.009368392638862133,0.017597101628780365,0.013345657847821712,0.011832401156425476,0.02059861831367016,0.014965349808335304,0.01288757286965847,0.03070424124598503,0.9203039407730103,0.009698299691081047
이 정도 성적이면 어디 대학교 갈 수 있음,,4후반이면 상명대 청강대 부산대 ㅆㄱㄴ?,"광양(117.111) 2021.08.23 17:12:27
조회 149 추천 0 댓글 2",추천 0,조회 149,2021.08.23 17:12:27,https://gall.dcinside.com/mini/board/view/?id=phsfanclub&no=54&page=4,0.02601819671690464,0.006774506997317076,0.007702004164457321,0.012261569499969482,0.012619267217814922,0.038967061787843704,0.012096714228391647,0.018756955862045288,0.03707587718963623,0.8172397613525391,0.007144652772694826
본인주요일정ㄷㄷㄷㄷㄷㄷㄷ,,"재수

니애미","익명의김x규 2021.08.22 14:47:19
조회 43 추천 1 댓글 1",추천 1,조회 43,2021.08.22 14:47:19,https://gall.dcinside.com/mini/board/view/?id=phsfanclub&no=53&page=4,0.04490189999341965,0.007125498726963997,0.013383219949901104,0.008236893452703953,0.013834928162395954,0.011022320948541164,0.007225915789604187,0.029318829998373985,0.8053541779518127,0.06849601119756699,0.006047195754945278
"""의왕백운고"" 2학기 주요일정",,"09월0901 9월모의평가

10월

1012 10월 전국연합
1014~1015 , 1018~1019 1차지필고사

11월
1117 예비소집일
1118 수능","ㅇㅇ(175.116) 2021.08.20 22:38:26
조회 104 추천 0 댓글 2",추천 0,조회 104,2021.08.20 22:38:26,https://gall.dcinside.com/mini/board/view/?id=phsfanclub&no=52&page=4,0.015444283373653889,0.009324920363724232,0.011189510114490986,0.014123509638011456,0.012297756969928741,0.010204854421317577,0.016044722869992256,0.009046544320881367,0.03925567865371704,0.9296373724937439,0.008201139979064465
광양백운고←얘네도 과학중점고 아님?,,어디서본거같은데,"ㅇㅇ(175.116) 2021.08.20 00:44:26
조회 115 추천 1 댓글 2",추천 1,조회 115,2021.08.20 00:44:26,https://gall.dcinside.com/mini/board/view/?id=phsfanclub&no=51&page=4,0.014764244668185711,0.009520560503005981,0.011342897079885006,0.018153810873627663,0.013795623555779457,0.010656808502972126,0.017726033926010132,0.00886231567710638,0.03784148767590523,0.9397338032722473,0.00940100196748972
여기가 망갤이라면,,"주딱을 나한테 넘겨라
여긴 광양백운고가 차지한다.","ㅇㅇ(117.111) 2021.08.19 08:18:25
조회 113 추천 6 댓글 2",추천 6,조회 113,2021.08.19 08:18:25,https://gall.dcinside.com/mini/board/view/?id=phsfanclub&no=50&page=4,0.011922227218747139,0.008097031153738499,0.0062262085266411304,0.01205154787749052,0.00477417791262269,0.01098416093736887,0.006361210253089666,0.009184806607663631,0.23359251022338867,0.5648579597473145,0.00413278816267848
내일부터공부할15일의전사면개추ㅠㅠㅠㅠㅠㅠㅠㅠ,,난아님ㄲㅈ,"익명의김x규 2021.08.17 21:35:12
조회 31 추천 0 댓글 0",추천 0,조회 31,2021.08.17 21:35:12,https://gall.dcinside.com/mini/board/view/?id=phsfanclub&no=49&page=4,0.01655431091785431,0.009890327230095863,0.011338005773723125,0.016021696850657463,0.011511562392115593,0.00880060438066721,0.014637002721428871,0.008273495361208916,0.0409887358546257,0.9311707615852356,0.008214707486331463
개학하고 교실 통으로 빌려서 종일 실모치는거 불가능하냐?,,백운고라 안될듯ㅇㅇ,"ㅇㅇ(175.116) 2021.08.16 02:06:38
조회 52 추천 0 댓글 2",추천 0,조회 52,2021.08.16 02:06:38,https://gall.dcinside.com/mini/board/view/?id=phsfanclub&no=48&page=4,0.017892936244606972,0.010540418326854706,0.01111290231347084,0.020377404987812042,0.013526822440326214,0.012002114206552505,0.016178550198674202,0.009189004078507423,0.03175942972302437,0.9405540823936462,0.009351653978228569
경기도재난지원금100%ㅋㅋㅋㅋㅋㅋ,,앙ㅋㅋㅋㅋㅋㅋㅋㅋㅋㅋㅋ,"익명의김x규 2021.08.13 21:14:50
조회 72 추천 0 댓글 1",추천 0,조회 72,2021.08.13 21:14:50,https://gall.dcinside.com/mini/board/view/?id=phsfanclub&no=47&page=4,0.016600720584392548,0.009762178175151348,0.011310740374028683,0.013812930323183537,0.012282591313123703,0.009155920706689358,0.014464537613093853,0.008586621843278408,0.04338780790567398,0.9308537244796753,0.008418090641498566
ㅈ반고 니네 뭐임?,,니네 공부 안 하냐?,"댄디한배성민 2021.08.12 21:45:23
조회 89 추천 0 댓글 1",추천 0,조회 89,2021.08.12 21:45:23,https://gall.dcinside.com/mini/board/view/?id=phsfanclub&no=46&page=4,0.009933178313076496,0.006156223826110363,0.008543922565877438,0.010955649428069592,0.01002418901771307,0.0059514581225812435,0.009953132830560207,0.00899137556552887,0.13290323317050934,0.8378915190696716,0.0062294756062328815
ㅎㅇ,,"이런게다잇네
수시 어디 씀?? 나 걍좆됌","ㅇㅇ(175.115) 2021.08.09 04:26:56
조회 41 추천 0 댓글 1",추천 0,조회 41,2021.08.09 04:26:56,https://gall.dcinside.com/mini/board/view/?id=phsfanclub&no=45&page=4,0.039412759244441986,0.007791175041347742,0.007822762243449688,0.012241794727742672,0.006786173675209284,0.010848172940313816,0.008616712875664234,0.08216255903244019,0.6662632822990417,0.10094330459833145,0.006201562937349081
백미갤을살려주세요,,소재(똥)이업서요,"익명의김x규 2021.08.04 19:44:17
조회 49 추천 0 댓글 1",추천 0,조회 49,2021.08.04 19:44:17,https://gall.dcinside.com/mini/board/view/?id=phsfanclub&no=44&page=4,0.011208693496882915,0.008088582195341587,0.01284765638411045,0.010050605051219463,0.010620282031595707,0.005499530117958784,0.0063695041462779045,0.013949654065072536,0.14253075420856476,0.7682062387466431,0.0066307298839092255
나를앞선김x규를죽인다,,순공14시간박고옴,"익명의김x규 2021.08.02 08:06:58
조회 35 추천 0 댓글 0",추천 0,조회 35,2021.08.02 08:06:58,https://gall.dcinside.com/mini/board/view/?id=phsfanclub&no=43&page=4,0.014316525310277939,0.008303617127239704,0.010544313117861748,0.014523432590067387,0.01304186787456274,0.009253589436411858,0.013569985516369343,0.008587031625211239,0.04578908532857895,0.9214876294136047,0.007660598494112492
12시간딥슬립완료,,머리아프노요ㅋㅋ,"익명의김x규 2021.08.01 11:45:09
조회 41 추천 0 댓글 4",추천 0,조회 41,2021.08.01 11:45:09,https://gall.dcinside.com/mini/board/view/?id=phsfanclub&no=42&page=4,0.015535769984126091,0.010324201546609402,0.01153841894119978,0.015709415078163147,0.013044956140220165,0.00881977193057537,0.015120378695428371,0.008586045354604721,0.0432247631251812,0.9368098974227905,0.0089136166498065
저녁안먹고공부할것.,,6모665546이정도면연세대가능???????,"익명의김x규 2021.07.31 13:37:50
조회 32 추천 0 댓글 5",추천 0,조회 32,2021.07.31 13:37:50,https://gall.dcinside.com/mini/board/view/?id=phsfanclub&no=41&page=4,0.018447883427143097,0.010128991678357124,0.011321404948830605,0.015542691573500633,0.012591029517352581,0.010657799430191517,0.01588107831776142,0.009100787341594696,0.033668115735054016,0.9333373308181763,0.0083979032933712
옆자리문돌이애미터진년죽여버림,,좆같은년한국사모고푸는주제에adhd걸려잇노시밠ㅂㅅㅂㅅㅂㅅㅂㅅㅂㅅㅂㅅㅂㅅㅅㅂㅅㅂ,"익명의김x규 2021.07.30 16:24:59
조회 64 추천 0 댓글 2",추천 0,조회 64,2021.07.30 16:24:59,https://gall.dcinside.com/mini/board/view/?id=phsfanclub&no=40&page=4,0.06045927852392197,0.006614981684833765,0.055500973016023636,0.4650510847568512,0.00685947947204113,0.009894139133393764,0.019083920866250992,0.038809601217508316,0.455179363489151,0.018024520948529243,0.010089300572872162
윤석열 오늘중으로 국민의힘 입당예정,,들어가서 팀킬하는거 아니노ㅋㅋ,"ㅇㅇ(175.121) 2021.07.30 12:46:51
조회 31 추천 0 댓글 0",추천 0,조회 31,2021.07.30 12:46:51,https://gall.dcinside.com/mini/board/view/?id=phsfanclub&no=39&page=4,0.01583627052605152,0.010996070690453053,0.011453038081526756,0.016511792317032814,0.012783234938979149,0.008952204138040543,0.01550655160099268,0.008714757859706879,0.0397321917116642,0.9370659589767456,0.008614029735326767
졸업생인데,,망갤임?,"댄디한배성민 2021.07.29 23:33:59
조회 62 추천 0 댓글 2",추천 0,조회 62,2021.07.29 23:33:59,https://gall.dcinside.com/mini/board/view/?id=phsfanclub&no=38&page=4,0.017709361389279366,0.01019089575856924,0.011027696542441845,0.016252625733613968,0.01267777569591999,0.009623998776078224,0.016230570152401924,0.0090179443359375,0.03551972284913063,0.9353223443031311,0.008670447394251823
유동제한해제?,,딱좋노 이기야~~,"ㅇㅇ(175.223) 2021.07.26 11:53:37
조회 46 추천 0 댓글 1",추천 0,조회 46,2021.07.26 11:53:37,https://gall.dcinside.com/mini/board/view/?id=phsfanclub&no=37&page=4,0.01574396714568138,0.012053199112415314,0.011755646206438541,0.018091067671775818,0.013852297328412533,0.010816316120326519,0.01958962343633175,0.008748662658035755,0.03397960588335991,0.9440942406654358,0.009782707318663597
