제목,말머리,내용,글쓴이,추천수,조회수,날짜,링크,내용_분류,내용_score_여성/가족,내용_score_남성,내용_score_성소수자,내용_score_인종/국적,내용_score_연령,내용_score_지역,내용_score_종교,내용_score_기타 혐오,내용_score_악플/욕설,내용_score_clean,내용_score_장애
수원조원고등학교 갤러리가 만들어졌습니다.,[일반],"조원고등학교 나무위키: https://namu.wiki/w/조원고등학교

조원고등학교 인스타: https://www.instagram.com/jowon_highschool/

조원고등학교 홈페이지: https://jowon-h.goesw.kr/index.do


조원 조원 조원고 세계로 나가자 얍","조원고등학교 2024.04.19 19:56:19
조회 458 추천 5 댓글 2",추천 5,조회 458,2024.04.19 19:56:19,https://gall.dcinside.com/mgallery/board/view/?id=jowon&no=2&page=1,악플/욕설,0.3606058359146118,0.43618959188461304,0.554520308971405,0.4809633493423462,0.3324126601219177,0.4654728174209595,0.3194137215614319,0.554793119430542,0.57411789894104,0.47142669558525085,0.38409602642059326
그립노,[일반],재수중인데 그립노,"06김승담(210.98) 2025.04.02 03:52:48
조회 137 추천 0 댓글 1",추천 0,조회 137,2025.04.02 03:52:48,https://gall.dcinside.com/mgallery/board/view/?id=jowon&no=27&page=1,지역,0.3860115706920624,0.5382580161094666,0.42026087641716003,0.46408575773239136,0.4414602518081665,0.5988997220993042,0.4474731981754303,0.5952674746513367,0.4606779217720032,0.37360405921936035,0.507368803024292
고슴딩가 볼사람?,[일반],딩가딩가딩~ 예이!,"ghostowl 2025.03.11 15:44:41
조회 151 추천 3 댓글 1",추천 3,조회 151,2025.03.11 15:44:41,https://gall.dcinside.com/mgallery/board/view/?id=jowon&no=26&page=1,기타 혐오,0.37793850898742676,0.3768705725669861,0.5176366567611694,0.43625351786613464,0.3459722101688385,0.5499342679977417,0.3880069851875305,0.5882803797721863,0.5570247173309326,0.41859662532806396,0.4080653786659241
조원고 1학년없냐?,[일반],"조원고 신입생 개노잼 확정
목누런 쿨톤들 200명","뽀미(121.136) 2025.03.08 06:30:32
조회 145 추천 0 댓글 4",추천 0,조회 145,2025.03.08 06:30:32,https://gall.dcinside.com/mgallery/board/view/?id=jowon&no=25&page=1,기타 혐오,0.4226614832878113,0.49025487899780273,0.46584826707839966,0.5438145399093628,0.39388805627822876,0.5617066621780396,0.37541520595550537,0.6005768179893494,0.5309483408927917,0.4047340750694275,0.48518645763397217
모델 지망생인데 얼평좀,[일반],"ㅇㅇ
- dc official App","조붕이(58.230) 2025.03.03 20:36:24
조회 152 추천 1 댓글 1",추천 1,조회 152,2025.03.03 20:36:24,https://gall.dcinside.com/mgallery/board/view/?id=jowon&no=24&page=1,기타 혐오,0.3672894835472107,0.4207731783390045,0.4653831720352173,0.4547061324119568,0.3306339383125305,0.5702176094055176,0.4457489252090454,0.5864444971084595,0.4717593193054199,0.37966424226760864,0.4481160640716553
조원고 출신 미녀,[일반],우흥.,"조붕이(14.33) 2025.02.18 03:57:39
조회 162 추천 1 댓글 0",추천 1,조회 162,2025.02.18 03:57:39,https://gall.dcinside.com/mgallery/board/view/?id=jowon&no=23&page=1,지역,0.3623923659324646,0.4646105170249939,0.4055962562561035,0.47957199811935425,0.36880990862846375,0.6078963279724121,0.4594157338142395,0.5576123595237732,0.5304585695266724,0.3295453190803528,0.5133262872695923
"""어리광 피우지마라""",[일반],세상은 결과다. -노건-,"조붕이(58.230) 2025.02.11 02:34:04
조회 1164 추천 8 댓글 3",추천 8,조회 1164,2025.02.11 02:34:04,https://gall.dcinside.com/mgallery/board/view/?id=jowon&no=22&page=1,기타 혐오,0.39809566736221313,0.38587337732315063,0.48448580503463745,0.44967153668403625,0.29561424255371094,0.5845982432365417,0.3831367790699005,0.5975154638290405,0.5229550004005432,0.3973575830459595,0.3974054753780365
노브라 공유합니다,[일반],,"조붕이(58.230) 2025.02.08 03:00:33
조회 215 추천 8 댓글 2",추천 8,조회 215,2025.02.08 03:00:33,https://gall.dcinside.com/mgallery/board/view/?id=jowon&no=20&page=1,여성/가족,0.0,0.0,0.0,0.0,0.0,0.0,0.0,0.0,0.0,0.0,0.0
반갑노이기야!조원고새싹이긔,[일반],"나 조원고신입생 애기벌(암컷)인데
잘부탁한다이기~~~만나면 인사좀
해줘라","조붕이(211.207) 2025.01.25 16:55:39
조회 118 추천 0 댓글 3",추천 0,조회 118,2025.01.25 16:55:39,https://gall.dcinside.com/mgallery/board/view/?id=jowon&no=18&page=1,기타 혐오,0.3826977610588074,0.355368435382843,0.5440627336502075,0.4570312798023224,0.31307509541511536,0.47191619873046875,0.32741978764533997,0.6068640947341919,0.5495368838310242,0.4488193690776825,0.41957926750183105
수능 2일남음,[일반],6교과 최저러가 간다,"조붕이(211.114) 2024.11.12 15:17:30
조회 111 추천 1 댓글 0",추천 1,조회 111,2024.11.12 15:17:30,https://gall.dcinside.com/mgallery/board/view/?id=jowon&no=15&page=1,지역,0.3834238350391388,0.4447420537471771,0.4857766032218933,0.434527188539505,0.41484999656677246,0.6611106395721436,0.46805307269096375,0.5568353533744812,0.5599969029426575,0.38552337884902954,0.5147101283073425
수능 2주남음,[일반],슬슬 ㅈ된거같은 고3들 개추ㅋㅋ 일단 나부터,"ㅇㅇ(39.117) 2024.10.29 22:31:39
조회 175 추천 2 댓글 3",추천 2,조회 175,2024.10.29 22:31:39,https://gall.dcinside.com/mgallery/board/view/?id=jowon&no=14&page=1,기타 혐오,0.3410148620605469,0.43685224652290344,0.4481324851512909,0.5133897662162781,0.3510299324989319,0.5748841166496277,0.4334094226360321,0.63399738073349,0.5574896335601807,0.3750157058238983,0.47069188952445984
조원고의 가을,[일반],"전신마비의 계절이네요.

""엥 무슨소리야 전신마비가 아니라 천고마비야"",준혁아

""아뇨 전신마비가 맞습니다""

나는 황급히 들고있던 관동속별곡으로 미진쌤의 머리를 내리쳤다

가을이었다","박재당한3등급을아시오?(125.251) 2024.09.24 14:02:46
조회 362 추천 13 댓글 2",추천 13,조회 362,2024.09.24 14:02:46,https://gall.dcinside.com/mgallery/board/view/?id=jowon&no=13&page=1,성소수자,0.3462972640991211,0.44337767362594604,0.5790632367134094,0.49449923634529114,0.38719210028648376,0.4879876971244812,0.3104152977466583,0.5553616285324097,0.5107989311218262,0.49434956908226013,0.42002180218696594
망갤테스트,[일반],- dc official App,"조붕이(210.98) 2024.06.22 04:35:05
조회 165 추천 1 댓글 0",추천 1,조회 165,2024.06.22 04:35:05,https://gall.dcinside.com/mgallery/board/view/?id=jowon&no=11&page=1,기타 혐오,0.3721371293067932,0.4374190866947174,0.49757206439971924,0.4516105353832245,0.3276384472846985,0.5843014717102051,0.3862406015396118,0.5929543972015381,0.4305541217327118,0.39702674746513367,0.41079872846603394
뭐녀여긴ㅋㅋ,[일반],- dc official App,"조붕이(210.98) 2024.06.22 04:34:57
조회 124 추천 0 댓글 0",추천 0,조회 124,2024.06.22 04:34:57,https://gall.dcinside.com/mgallery/board/view/?id=jowon&no=10&page=1,기타 혐오,0.3721371293067932,0.4374190866947174,0.49757206439971924,0.4516105353832245,0.3276384472846985,0.5843014717102051,0.3862406015396118,0.5929543972015381,0.4305541217327118,0.39702674746513367,0.41079872846603394
소신)) 급식 맛 없음,[일반],"ㄹㅇ
- dc official App","조붕이(211.114) 2024.04.24 09:58:14
조회 315 추천 9 댓글 1",추천 9,조회 315,2024.04.24 09:58:14,https://gall.dcinside.com/mgallery/board/view/?id=jowon&no=9&page=1,기타 혐오,0.38768094778060913,0.41674745082855225,0.4696904718875885,0.45441490411758423,0.32333746552467346,0.5245048999786377,0.4451618194580078,0.5970034599304199,0.49989596009254456,0.3962986171245575,0.4516330659389496
올해 졸업했는데,[일반],좃고갤이 드디어 생기는구나,"조붕이(210.182) 2024.04.21 05:03:48
조회 257 추천 2 댓글 0",추천 2,조회 257,2024.04.21 05:03:48,https://gall.dcinside.com/mgallery/board/view/?id=jowon&no=7&page=1,지역,0.39732640981674194,0.5117955207824707,0.4168076813220978,0.49120527505874634,0.3421045243740082,0.6418700218200684,0.4575011730194092,0.5851251482963562,0.5491482615470886,0.4031384587287903,0.4742855429649353
앙기모띠,[일반],앙기모띠,"조붕이(211.209) 2024.04.19 20:25:15
조회 173 추천 2 댓글 0",추천 2,조회 173,2024.04.19 20:25:15,https://gall.dcinside.com/mgallery/board/view/?id=jowon&no=6&page=1,지역,0.3830014765262604,0.47544926404953003,0.4377318024635315,0.4631785452365875,0.40898963809013367,0.6371996402740479,0.5071200132369995,0.5989497900009155,0.5334964394569397,0.33924102783203125,0.46380138397216797
반갑노,[일반],무현,"조붕이(110.8) 2024.04.19 20:22:46
조회 196 추천 3 댓글 0",추천 3,조회 196,2024.04.19 20:22:46,https://gall.dcinside.com/mgallery/board/view/?id=jowon&no=5&page=1,기타 혐오,0.39099299907684326,0.40761077404022217,0.4298913776874542,0.4781436622142792,0.3584902286529541,0.5675336718559265,0.40536636114120483,0.6111130118370056,0.5358043909072876,0.36004555225372314,0.4395379424095154
